Project-name,SHA,Module,Od-test,Ranking,Total-Runtime,Time-to-run-the-last-one
alibaba_fastjson,5c6d6fd471ea1fab59f0df2dd31e0b936806780d,.,brittle,com.alibaba.json.bvt.parser.DefaultExtJSONParser_parseArray.test_7,115.424541621,34.60
alibaba_fastjson,5c6d6fd471ea1fab59f0df2dd31e0b936806780d,.,brittle,com.alibaba.json.bvt.parser.DefaultExtJSONParser_parseArray.test_7,115.343662489,35.94
alibaba_fastjson,5c6d6fd471ea1fab59f0df2dd31e0b936806780d,.,brittle,com.alibaba.json.bvt.parser.DefaultExtJSONParser_parseArray.test_7,140.444516274,162.15
alibaba_fastjson,5c6d6fd471ea1fab59f0df2dd31e0b936806780d,.,brittle,com.alibaba.json.bvt.parser.DefaultExtJSONParser_parseArray.test_7,150.660616099,64.37
alibaba_fastjson,5c6d6fd471ea1fab59f0df2dd31e0b936806780d,.,brittle,com.alibaba.json.bvt.parser.DefaultExtJSONParser_parseArray.test_7,139.053510363,104.12
alibaba_fastjson,5c6d6fd471ea1fab59f0df2dd31e0b936806780d,.,brittle,com.alibaba.json.bvt.parser.DefaultExtJSONParser_parseArray.test_7,151.126204094,117.18
alibaba_fastjson,5c6d6fd471ea1fab59f0df2dd31e0b936806780d,.,brittle,com.alibaba.json.bvt.parser.DefaultExtJSONParser_parseArray.test_7,162.384042152,96.28
alibaba_fastjson,5c6d6fd471ea1fab59f0df2dd31e0b936806780d,.,brittle,com.alibaba.json.bvt.parser.DefaultExtJSONParser_parseArray.test_7,111.690106441,20.34
alibaba_fastjson,5c6d6fd471ea1fab59f0df2dd31e0b936806780d,.,brittle,com.alibaba.json.bvt.parser.DefaultExtJSONParser_parseArray.test_7,113.443534010,37.54
alibaba_fastjson,5c6d6fd471ea1fab59f0df2dd31e0b936806780d,.,brittle,com.alibaba.json.bvt.parser.DefaultExtJSONParser_parseArray.test_7,196.670127102,122.26
alibaba_fastjson,5c6d6fd471ea1fab59f0df2dd31e0b936806780d,.,brittle,com.alibaba.json.bvt.parser.DefaultExtJSONParser_parseArray.test_8,169.847708349,138.28
alibaba_fastjson,5c6d6fd471ea1fab59f0df2dd31e0b936806780d,.,brittle,com.alibaba.json.bvt.parser.DefaultExtJSONParser_parseArray.test_8,142.887072673,58.19
alibaba_fastjson,5c6d6fd471ea1fab59f0df2dd31e0b936806780d,.,brittle,com.alibaba.json.bvt.parser.DefaultExtJSONParser_parseArray.test_8,173.090991026,117.22
alibaba_fastjson,5c6d6fd471ea1fab59f0df2dd31e0b936806780d,.,brittle,com.alibaba.json.bvt.parser.DefaultExtJSONParser_parseArray.test_8,175.381399974,145.78
alibaba_fastjson,5c6d6fd471ea1fab59f0df2dd31e0b936806780d,.,brittle,com.alibaba.json.bvt.parser.DefaultExtJSONParser_parseArray.test_8,162.902361418,134.30
alibaba_fastjson,5c6d6fd471ea1fab59f0df2dd31e0b936806780d,.,brittle,com.alibaba.json.bvt.parser.DefaultExtJSONParser_parseArray.test_8,136.716632182,107.19
alibaba_fastjson,5c6d6fd471ea1fab59f0df2dd31e0b936806780d,.,brittle,com.alibaba.json.bvt.parser.DefaultExtJSONParser_parseArray.test_8,126.349309385,40.69
alibaba_fastjson,5c6d6fd471ea1fab59f0df2dd31e0b936806780d,.,brittle,com.alibaba.json.bvt.parser.DefaultExtJSONParser_parseArray.test_8,70.995766161,3.81
alibaba_fastjson,5c6d6fd471ea1fab59f0df2dd31e0b936806780d,.,brittle,com.alibaba.json.bvt.parser.DefaultExtJSONParser_parseArray.test_8,125.165702631,78.39
alibaba_fastjson,5c6d6fd471ea1fab59f0df2dd31e0b936806780d,.,brittle,com.alibaba.json.bvt.parser.DefaultExtJSONParser_parseArray.test_8,114.508276088,155.06
vmware_admiral,e4b02936cc7d4ff2714e7231db0c4373ba5d48a2,compute,brittle,com.vmware.admiral.compute.container.GroupResourcePlacementServiceTest.testMemoryPlacementReservationRequest,179.075725685,13.10
vmware_admiral,e4b02936cc7d4ff2714e7231db0c4373ba5d48a2,compute,brittle,com.vmware.admiral.compute.container.GroupResourcePlacementServiceTest.testMemoryPlacementReservationRequest,88.007104267,3.89
vmware_admiral,e4b02936cc7d4ff2714e7231db0c4373ba5d48a2,compute,brittle,com.vmware.admiral.compute.container.GroupResourcePlacementServiceTest.testMemoryPlacementReservationRequest,152.587531019,13.08
vmware_admiral,e4b02936cc7d4ff2714e7231db0c4373ba5d48a2,compute,brittle,com.vmware.admiral.compute.container.GroupResourcePlacementServiceTest.testMemoryPlacementReservationRequest,103.500566000,7.31
vmware_admiral,e4b02936cc7d4ff2714e7231db0c4373ba5d48a2,compute,brittle,com.vmware.admiral.compute.container.GroupResourcePlacementServiceTest.testMemoryPlacementReservationRequest,184.645467396,16.72
vmware_admiral,e4b02936cc7d4ff2714e7231db0c4373ba5d48a2,compute,brittle,com.vmware.admiral.compute.container.GroupResourcePlacementServiceTest.testMemoryPlacementReservationRequest,77.594802667,3.88
vmware_admiral,e4b02936cc7d4ff2714e7231db0c4373ba5d48a2,compute,brittle,com.vmware.admiral.compute.container.GroupResourcePlacementServiceTest.testMemoryPlacementReservationRequest,192.312756178,13.39
vmware_admiral,e4b02936cc7d4ff2714e7231db0c4373ba5d48a2,compute,brittle,com.vmware.admiral.compute.container.GroupResourcePlacementServiceTest.testMemoryPlacementReservationRequest,50.521861333,2.08
vmware_admiral,e4b02936cc7d4ff2714e7231db0c4373ba5d48a2,compute,brittle,com.vmware.admiral.compute.container.GroupResourcePlacementServiceTest.testMemoryPlacementReservationRequest,90.244183088,4.39
vmware_admiral,e4b02936cc7d4ff2714e7231db0c4373ba5d48a2,compute,brittle,com.vmware.admiral.compute.container.GroupResourcePlacementServiceTest.testMemoryPlacementReservationRequest,121.676960125,11.40
doanduyhai_Achilles,e3099bdce342910951c4862c78751fd81ed4552e,integration-test-2_1,brittle,info.archinnov.achilles.it.TestCRUDSimpleEntity.should_insert_with_insert_strategy_non_null_fields,20.218254500,7.02
doanduyhai_Achilles,e3099bdce342910951c4862c78751fd81ed4552e,integration-test-2_1,brittle,info.archinnov.achilles.it.TestCRUDSimpleEntity.should_insert_with_insert_strategy_non_null_fields,15.300231900,5.77
doanduyhai_Achilles,e3099bdce342910951c4862c78751fd81ed4552e,integration-test-2_1,brittle,info.archinnov.achilles.it.TestCRUDSimpleEntity.should_insert_with_insert_strategy_non_null_fields,25.152691260,6.63
doanduyhai_Achilles,e3099bdce342910951c4862c78751fd81ed4552e,integration-test-2_1,brittle,info.archinnov.achilles.it.TestCRUDSimpleEntity.should_insert_with_insert_strategy_non_null_fields,27.020798500,6.64
doanduyhai_Achilles,e3099bdce342910951c4862c78751fd81ed4552e,integration-test-2_1,brittle,info.archinnov.achilles.it.TestCRUDSimpleEntity.should_insert_with_insert_strategy_non_null_fields,13.785502500,5.56
doanduyhai_Achilles,e3099bdce342910951c4862c78751fd81ed4552e,integration-test-2_1,brittle,info.archinnov.achilles.it.TestCRUDSimpleEntity.should_insert_with_insert_strategy_non_null_fields,12.678808500,4.15
doanduyhai_Achilles,e3099bdce342910951c4862c78751fd81ed4552e,integration-test-2_1,brittle,info.archinnov.achilles.it.TestCRUDSimpleEntity.should_insert_with_insert_strategy_non_null_fields,11.931733800,3.81
doanduyhai_Achilles,e3099bdce342910951c4862c78751fd81ed4552e,integration-test-2_1,brittle,info.archinnov.achilles.it.TestCRUDSimpleEntity.should_insert_with_insert_strategy_non_null_fields,12.576504900,5.10
doanduyhai_Achilles,e3099bdce342910951c4862c78751fd81ed4552e,integration-test-2_1,brittle,info.archinnov.achilles.it.TestCRUDSimpleEntity.should_insert_with_insert_strategy_non_null_fields,12.696839700,4.91
doanduyhai_Achilles,e3099bdce342910951c4862c78751fd81ed4552e,integration-test-2_1,brittle,info.archinnov.achilles.it.TestCRUDSimpleEntity.should_insert_with_insert_strategy_non_null_fields,1.952700100,0.84
fhoeben_hsac-fitnesse-fixtures,a64c18d9c4bac8271275c7b089d40be20f0604b5,.,brittle,nl.hsac.fitnesse.fixture.slim.FileFixtureTest.testDelete,57.268006777,8.59
fhoeben_hsac-fitnesse-fixtures,a64c18d9c4bac8271275c7b089d40be20f0604b5,.,brittle,nl.hsac.fitnesse.fixture.slim.FileFixtureTest.testDelete,52.350510906,6.32
fhoeben_hsac-fitnesse-fixtures,a64c18d9c4bac8271275c7b089d40be20f0604b5,.,brittle,nl.hsac.fitnesse.fixture.slim.FileFixtureTest.testDelete,55.034101411,8.35
fhoeben_hsac-fitnesse-fixtures,a64c18d9c4bac8271275c7b089d40be20f0604b5,.,brittle,nl.hsac.fitnesse.fixture.slim.FileFixtureTest.testDelete,52.009332298,5.29
fhoeben_hsac-fitnesse-fixtures,a64c18d9c4bac8271275c7b089d40be20f0604b5,.,brittle,nl.hsac.fitnesse.fixture.slim.FileFixtureTest.testDelete,50.304635894,8.30
fhoeben_hsac-fitnesse-fixtures,a64c18d9c4bac8271275c7b089d40be20f0604b5,.,brittle,nl.hsac.fitnesse.fixture.slim.FileFixtureTest.testDelete,33.256363690,2.59
fhoeben_hsac-fitnesse-fixtures,a64c18d9c4bac8271275c7b089d40be20f0604b5,.,brittle,nl.hsac.fitnesse.fixture.slim.FileFixtureTest.testDelete,56.832767167,9.97
fhoeben_hsac-fitnesse-fixtures,a64c18d9c4bac8271275c7b089d40be20f0604b5,.,brittle,nl.hsac.fitnesse.fixture.slim.FileFixtureTest.testDelete,63.459971078,6.35
fhoeben_hsac-fitnesse-fixtures,a64c18d9c4bac8271275c7b089d40be20f0604b5,.,brittle,nl.hsac.fitnesse.fixture.slim.FileFixtureTest.testDelete,76.657438533,12.24
fhoeben_hsac-fitnesse-fixtures,a64c18d9c4bac8271275c7b089d40be20f0604b5,.,brittle,nl.hsac.fitnesse.fixture.slim.FileFixtureTest.testDelete,63.701468384,7.90
Activiti_Activiti,b11f757a48600e53aaf3fcb7a3ba1ece6c463cb4,activiti-spring-boot-starter,brittle,org.activiti.spring.boot.tasks.TaskRuntimeClaimReleaseTest.bClaimAndRelease,44.532733263,1.37
Activiti_Activiti,b11f757a48600e53aaf3fcb7a3ba1ece6c463cb4,activiti-spring-boot-starter,brittle,org.activiti.spring.boot.tasks.TaskRuntimeClaimReleaseTest.bClaimAndRelease,33.578499856,0.97
Activiti_Activiti,b11f757a48600e53aaf3fcb7a3ba1ece6c463cb4,activiti-spring-boot-starter,brittle,org.activiti.spring.boot.tasks.TaskRuntimeClaimReleaseTest.bClaimAndRelease,50.273333410,0.96
Activiti_Activiti,b11f757a48600e53aaf3fcb7a3ba1ece6c463cb4,activiti-spring-boot-starter,brittle,org.activiti.spring.boot.tasks.TaskRuntimeClaimReleaseTest.bClaimAndRelease,33.396766690,0.74
Activiti_Activiti,b11f757a48600e53aaf3fcb7a3ba1ece6c463cb4,activiti-spring-boot-starter,brittle,org.activiti.spring.boot.tasks.TaskRuntimeClaimReleaseTest.bClaimAndRelease,38.787899980,0.78
Activiti_Activiti,b11f757a48600e53aaf3fcb7a3ba1ece6c463cb4,activiti-spring-boot-starter,brittle,org.activiti.spring.boot.tasks.TaskRuntimeClaimReleaseTest.bClaimAndRelease,44.866066646,1.41
Activiti_Activiti,b11f757a48600e53aaf3fcb7a3ba1ece6c463cb4,activiti-spring-boot-starter,brittle,org.activiti.spring.boot.tasks.TaskRuntimeClaimReleaseTest.bClaimAndRelease,38.907500013,1.02
Activiti_Activiti,b11f757a48600e53aaf3fcb7a3ba1ece6c463cb4,activiti-spring-boot-starter,brittle,org.activiti.spring.boot.tasks.TaskRuntimeClaimReleaseTest.bClaimAndRelease,49.993166616,1.30
Activiti_Activiti,b11f757a48600e53aaf3fcb7a3ba1ece6c463cb4,activiti-spring-boot-starter,brittle,org.activiti.spring.boot.tasks.TaskRuntimeClaimReleaseTest.bClaimAndRelease,27.729899850,0.39
Activiti_Activiti,b11f757a48600e53aaf3fcb7a3ba1ece6c463cb4,activiti-spring-boot-starter,brittle,org.activiti.spring.boot.tasks.TaskRuntimeClaimReleaseTest.bClaimAndRelease,66.959299970,1.70
Activiti_Activiti,b11f757a48600e53aaf3fcb7a3ba1ece6c463cb4,activiti-spring-boot-starter,brittle,org.activiti.spring.boot.tasks.TaskRuntimeClaimReleaseTest.eCreateStandaloneTaskAndClaimAndReleaseUnAuthorized,50.356966566,1.66
Activiti_Activiti,b11f757a48600e53aaf3fcb7a3ba1ece6c463cb4,activiti-spring-boot-starter,brittle,org.activiti.spring.boot.tasks.TaskRuntimeClaimReleaseTest.eCreateStandaloneTaskAndClaimAndReleaseUnAuthorized,55.336666702,1.00
Activiti_Activiti,b11f757a48600e53aaf3fcb7a3ba1ece6c463cb4,activiti-spring-boot-starter,brittle,org.activiti.spring.boot.tasks.TaskRuntimeClaimReleaseTest.eCreateStandaloneTaskAndClaimAndReleaseUnAuthorized,38.758066610,0.76
Activiti_Activiti,b11f757a48600e53aaf3fcb7a3ba1ece6c463cb4,activiti-spring-boot-starter,brittle,org.activiti.spring.boot.tasks.TaskRuntimeClaimReleaseTest.eCreateStandaloneTaskAndClaimAndReleaseUnAuthorized,61.133633500,1.49
Activiti_Activiti,b11f757a48600e53aaf3fcb7a3ba1ece6c463cb4,activiti-spring-boot-starter,brittle,org.activiti.spring.boot.tasks.TaskRuntimeClaimReleaseTest.eCreateStandaloneTaskAndClaimAndReleaseUnAuthorized,39.310666372,0.90
Activiti_Activiti,b11f757a48600e53aaf3fcb7a3ba1ece6c463cb4,activiti-spring-boot-starter,brittle,org.activiti.spring.boot.tasks.TaskRuntimeClaimReleaseTest.eCreateStandaloneTaskAndClaimAndReleaseUnAuthorized,50.174066560,0.71
Activiti_Activiti,b11f757a48600e53aaf3fcb7a3ba1ece6c463cb4,activiti-spring-boot-starter,brittle,org.activiti.spring.boot.tasks.TaskRuntimeClaimReleaseTest.eCreateStandaloneTaskAndClaimAndReleaseUnAuthorized,39.081666463,1.07
Activiti_Activiti,b11f757a48600e53aaf3fcb7a3ba1ece6c463cb4,activiti-spring-boot-starter,brittle,org.activiti.spring.boot.tasks.TaskRuntimeClaimReleaseTest.eCreateStandaloneTaskAndClaimAndReleaseUnAuthorized,33.233033320,0.70
Activiti_Activiti,b11f757a48600e53aaf3fcb7a3ba1ece6c463cb4,activiti-spring-boot-starter,brittle,org.activiti.spring.boot.tasks.TaskRuntimeClaimReleaseTest.eCreateStandaloneTaskAndClaimAndReleaseUnAuthorized,50.009800030,1.31
Activiti_Activiti,b11f757a48600e53aaf3fcb7a3ba1ece6c463cb4,activiti-spring-boot-starter,brittle,org.activiti.spring.boot.tasks.TaskRuntimeClaimReleaseTest.eCreateStandaloneTaskAndClaimAndReleaseUnAuthorized,39.161133290,1.10
Activiti_Activiti,b11f757a48600e53aaf3fcb7a3ba1ece6c463cb4,activiti-spring-boot-starter,brittle,org.activiti.spring.boot.tasks.TaskRuntimeDeleteTaskTest.dClaimTaskCreatedForGroup,44.752666620,1.07
Activiti_Activiti,b11f757a48600e53aaf3fcb7a3ba1ece6c463cb4,activiti-spring-boot-starter,brittle,org.activiti.spring.boot.tasks.TaskRuntimeDeleteTaskTest.dClaimTaskCreatedForGroup,49.908233260,1.01
Activiti_Activiti,b11f757a48600e53aaf3fcb7a3ba1ece6c463cb4,activiti-spring-boot-starter,brittle,org.activiti.spring.boot.tasks.TaskRuntimeDeleteTaskTest.dClaimTaskCreatedForGroup,44.606266630,1.28
Activiti_Activiti,b11f757a48600e53aaf3fcb7a3ba1ece6c463cb4,activiti-spring-boot-starter,brittle,org.activiti.spring.boot.tasks.TaskRuntimeDeleteTaskTest.dClaimTaskCreatedForGroup,38.794433130,0.59
Activiti_Activiti,b11f757a48600e53aaf3fcb7a3ba1ece6c463cb4,activiti-spring-boot-starter,brittle,org.activiti.spring.boot.tasks.TaskRuntimeDeleteTaskTest.dClaimTaskCreatedForGroup,66.975299820,2.10
Activiti_Activiti,b11f757a48600e53aaf3fcb7a3ba1ece6c463cb4,activiti-spring-boot-starter,brittle,org.activiti.spring.boot.tasks.TaskRuntimeDeleteTaskTest.dClaimTaskCreatedForGroup,27.818499940,0.72
Activiti_Activiti,b11f757a48600e53aaf3fcb7a3ba1ece6c463cb4,activiti-spring-boot-starter,brittle,org.activiti.spring.boot.tasks.TaskRuntimeDeleteTaskTest.dClaimTaskCreatedForGroup,44.372733300,0.91
Activiti_Activiti,b11f757a48600e53aaf3fcb7a3ba1ece6c463cb4,activiti-spring-boot-starter,brittle,org.activiti.spring.boot.tasks.TaskRuntimeDeleteTaskTest.dClaimTaskCreatedForGroup,50.268266783,1.23
Activiti_Activiti,b11f757a48600e53aaf3fcb7a3ba1ece6c463cb4,activiti-spring-boot-starter,brittle,org.activiti.spring.boot.tasks.TaskRuntimeDeleteTaskTest.dClaimTaskCreatedForGroup,61.336100013,1.64
Activiti_Activiti,b11f757a48600e53aaf3fcb7a3ba1ece6c463cb4,activiti-spring-boot-starter,brittle,org.activiti.spring.boot.tasks.TaskRuntimeDeleteTaskTest.dClaimTaskCreatedForGroup,66.823599968,1.59
Activiti_Activiti,b11f757a48600e53aaf3fcb7a3ba1ece6c463cb4,activiti-spring-boot-starter,brittle,org.activiti.spring.boot.tasks.TaskRuntimeTaskAssigneeTest.bCreateCheckTaskCreatedForSalaboyFromAnotherUser,50.217799950,0.87
Activiti_Activiti,b11f757a48600e53aaf3fcb7a3ba1ece6c463cb4,activiti-spring-boot-starter,brittle,org.activiti.spring.boot.tasks.TaskRuntimeTaskAssigneeTest.bCreateCheckTaskCreatedForSalaboyFromAnotherUser,66.956433166,2.19
Activiti_Activiti,b11f757a48600e53aaf3fcb7a3ba1ece6c463cb4,activiti-spring-boot-starter,brittle,org.activiti.spring.boot.tasks.TaskRuntimeTaskAssigneeTest.bCreateCheckTaskCreatedForSalaboyFromAnotherUser,55.855000006,1.22
Activiti_Activiti,b11f757a48600e53aaf3fcb7a3ba1ece6c463cb4,activiti-spring-boot-starter,brittle,org.activiti.spring.boot.tasks.TaskRuntimeTaskAssigneeTest.bCreateCheckTaskCreatedForSalaboyFromAnotherUser,27.726299940,0.43
Activiti_Activiti,b11f757a48600e53aaf3fcb7a3ba1ece6c463cb4,activiti-spring-boot-starter,brittle,org.activiti.spring.boot.tasks.TaskRuntimeTaskAssigneeTest.bCreateCheckTaskCreatedForSalaboyFromAnotherUser,61.371433402,1.57
Activiti_Activiti,b11f757a48600e53aaf3fcb7a3ba1ece6c463cb4,activiti-spring-boot-starter,brittle,org.activiti.spring.boot.tasks.TaskRuntimeTaskAssigneeTest.bCreateCheckTaskCreatedForSalaboyFromAnotherUser,50.147599960,1.21
Activiti_Activiti,b11f757a48600e53aaf3fcb7a3ba1ece6c463cb4,activiti-spring-boot-starter,brittle,org.activiti.spring.boot.tasks.TaskRuntimeTaskAssigneeTest.bCreateCheckTaskCreatedForSalaboyFromAnotherUser,44.640933040,1.15
Activiti_Activiti,b11f757a48600e53aaf3fcb7a3ba1ece6c463cb4,activiti-spring-boot-starter,brittle,org.activiti.spring.boot.tasks.TaskRuntimeTaskAssigneeTest.bCreateCheckTaskCreatedForSalaboyFromAnotherUser,39.024266846,1.12
Activiti_Activiti,b11f757a48600e53aaf3fcb7a3ba1ece6c463cb4,activiti-spring-boot-starter,brittle,org.activiti.spring.boot.tasks.TaskRuntimeTaskAssigneeTest.bCreateCheckTaskCreatedForSalaboyFromAnotherUser,44.308066573,0.67
Activiti_Activiti,b11f757a48600e53aaf3fcb7a3ba1ece6c463cb4,activiti-spring-boot-starter,brittle,org.activiti.spring.boot.tasks.TaskRuntimeTaskAssigneeTest.bCreateCheckTaskCreatedForSalaboyFromAnotherUser,44.647233380,1.05
apache_incubator-dubbo,737f7a7ea67832d7f17517326fb2491d0a086dd7,dubbo-rpc/dubbo-rpc-dubbo,brittle,org.apache.dubbo.rpc.protocol.dubbo.DubboProtocolTest.testDubboProtocolWithMina,684.386409634,2.37
apache_incubator-dubbo,737f7a7ea67832d7f17517326fb2491d0a086dd7,dubbo-rpc/dubbo-rpc-dubbo,brittle,org.apache.dubbo.rpc.protocol.dubbo.DubboProtocolTest.testDubboProtocolWithMina,305.097536915,0.63
apache_incubator-dubbo,737f7a7ea67832d7f17517326fb2491d0a086dd7,dubbo-rpc/dubbo-rpc-dubbo,brittle,org.apache.dubbo.rpc.protocol.dubbo.DubboProtocolTest.testDubboProtocolWithMina,342.553917640,1.15
apache_incubator-dubbo,737f7a7ea67832d7f17517326fb2491d0a086dd7,dubbo-rpc/dubbo-rpc-dubbo,brittle,org.apache.dubbo.rpc.protocol.dubbo.DubboProtocolTest.testDubboProtocolWithMina,553.832144130,1.94
apache_incubator-dubbo,737f7a7ea67832d7f17517326fb2491d0a086dd7,dubbo-rpc/dubbo-rpc-dubbo,brittle,org.apache.dubbo.rpc.protocol.dubbo.DubboProtocolTest.testDubboProtocolWithMina,513.635600064,1.59
apache_incubator-dubbo,737f7a7ea67832d7f17517326fb2491d0a086dd7,dubbo-rpc/dubbo-rpc-dubbo,brittle,org.apache.dubbo.rpc.protocol.dubbo.DubboProtocolTest.testDubboProtocolWithMina,292.153413965,0.86
apache_incubator-dubbo,737f7a7ea67832d7f17517326fb2491d0a086dd7,dubbo-rpc/dubbo-rpc-dubbo,brittle,org.apache.dubbo.rpc.protocol.dubbo.DubboProtocolTest.testDubboProtocolWithMina,360.630620071,0.89
apache_incubator-dubbo,737f7a7ea67832d7f17517326fb2491d0a086dd7,dubbo-rpc/dubbo-rpc-dubbo,brittle,org.apache.dubbo.rpc.protocol.dubbo.DubboProtocolTest.testDubboProtocolWithMina,326.274900160,0.55
apache_incubator-dubbo,737f7a7ea67832d7f17517326fb2491d0a086dd7,dubbo-rpc/dubbo-rpc-dubbo,brittle,org.apache.dubbo.rpc.protocol.dubbo.DubboProtocolTest.testDubboProtocolWithMina,427.411598678,1.12
apache_incubator-dubbo,737f7a7ea67832d7f17517326fb2491d0a086dd7,dubbo-rpc/dubbo-rpc-dubbo,brittle,org.apache.dubbo.rpc.protocol.dubbo.DubboProtocolTest.testDubboProtocolWithMina,622.231173970,1.64
wildfly_wildfly,b19048b72669fc0e96665b1b125dc1fda21f5993,naming,brittle,org.jboss.as.naming.WritableServiceBasedNamingStoreTestCase.testPermissions,25.433765715,2.20
wildfly_wildfly,b19048b72669fc0e96665b1b125dc1fda21f5993,naming,brittle,org.jboss.as.naming.WritableServiceBasedNamingStoreTestCase.testPermissions,23.823931877,1.60
wildfly_wildfly,b19048b72669fc0e96665b1b125dc1fda21f5993,naming,brittle,org.jboss.as.naming.WritableServiceBasedNamingStoreTestCase.testPermissions,20.676402107,1.88
wildfly_wildfly,b19048b72669fc0e96665b1b125dc1fda21f5993,naming,brittle,org.jboss.as.naming.WritableServiceBasedNamingStoreTestCase.testPermissions,22.493501466,2.00
wildfly_wildfly,b19048b72669fc0e96665b1b125dc1fda21f5993,naming,brittle,org.jboss.as.naming.WritableServiceBasedNamingStoreTestCase.testPermissions,16.265932171,1.12
wildfly_wildfly,b19048b72669fc0e96665b1b125dc1fda21f5993,naming,brittle,org.jboss.as.naming.WritableServiceBasedNamingStoreTestCase.testPermissions,26.097531892,1.42
wildfly_wildfly,b19048b72669fc0e96665b1b125dc1fda21f5993,naming,brittle,org.jboss.as.naming.WritableServiceBasedNamingStoreTestCase.testPermissions,19.007665498,1.72
wildfly_wildfly,b19048b72669fc0e96665b1b125dc1fda21f5993,naming,brittle,org.jboss.as.naming.WritableServiceBasedNamingStoreTestCase.testPermissions,13.647366245,0.63
wildfly_wildfly,b19048b72669fc0e96665b1b125dc1fda21f5993,naming,brittle,org.jboss.as.naming.WritableServiceBasedNamingStoreTestCase.testPermissions,18.215166132,0.87
wildfly_wildfly,b19048b72669fc0e96665b1b125dc1fda21f5993,naming,brittle,org.jboss.as.naming.WritableServiceBasedNamingStoreTestCase.testPermissions,23.434532749,1.66
spring-projects_spring-boot,daa3d457b71896a758995c264977bdd1414ee4d4,spring-boot-project/spring-boot-test-autoconfigure,brittle,org.springframework.boot.test.autoconfigure.web.servlet.mockmvc.WebMvcTestWebDriverIntegrationTests.shouldBeADifferentWebClient,715.988432315,6.13
spring-projects_spring-boot,daa3d457b71896a758995c264977bdd1414ee4d4,spring-boot-project/spring-boot-test-autoconfigure,brittle,org.springframework.boot.test.autoconfigure.web.servlet.mockmvc.WebMvcTestWebDriverIntegrationTests.shouldBeADifferentWebClient,538.696665535,4.64
spring-projects_spring-boot,daa3d457b71896a758995c264977bdd1414ee4d4,spring-boot-project/spring-boot-test-autoconfigure,brittle,org.springframework.boot.test.autoconfigure.web.servlet.mockmvc.WebMvcTestWebDriverIntegrationTests.shouldBeADifferentWebClient,716.649800393,6.83
spring-projects_spring-boot,daa3d457b71896a758995c264977bdd1414ee4d4,spring-boot-project/spring-boot-test-autoconfigure,brittle,org.springframework.boot.test.autoconfigure.web.servlet.mockmvc.WebMvcTestWebDriverIntegrationTests.shouldBeADifferentWebClient,775.975100587,6.94
spring-projects_spring-boot,daa3d457b71896a758995c264977bdd1414ee4d4,spring-boot-project/spring-boot-test-autoconfigure,brittle,org.springframework.boot.test.autoconfigure.web.servlet.mockmvc.WebMvcTestWebDriverIntegrationTests.shouldBeADifferentWebClient,715.218898972,6.18
spring-projects_spring-boot,daa3d457b71896a758995c264977bdd1414ee4d4,spring-boot-project/spring-boot-test-autoconfigure,brittle,org.springframework.boot.test.autoconfigure.web.servlet.mockmvc.WebMvcTestWebDriverIntegrationTests.shouldBeADifferentWebClient,955.271598104,11.55
spring-projects_spring-boot,daa3d457b71896a758995c264977bdd1414ee4d4,spring-boot-project/spring-boot-test-autoconfigure,brittle,org.springframework.boot.test.autoconfigure.web.servlet.mockmvc.WebMvcTestWebDriverIntegrationTests.shouldBeADifferentWebClient,778.828400032,9.22
spring-projects_spring-boot,daa3d457b71896a758995c264977bdd1414ee4d4,spring-boot-project/spring-boot-test-autoconfigure,brittle,org.springframework.boot.test.autoconfigure.web.servlet.mockmvc.WebMvcTestWebDriverIntegrationTests.shouldBeADifferentWebClient,596.680998708,5.99
spring-projects_spring-boot,daa3d457b71896a758995c264977bdd1414ee4d4,spring-boot-project/spring-boot-test-autoconfigure,brittle,org.springframework.boot.test.autoconfigure.web.servlet.mockmvc.WebMvcTestWebDriverIntegrationTests.shouldBeADifferentWebClient,598.041197590,8.22
spring-projects_spring-boot,daa3d457b71896a758995c264977bdd1414ee4d4,spring-boot-project/spring-boot-test-autoconfigure,brittle,org.springframework.boot.test.autoconfigure.web.servlet.mockmvc.WebMvcTestWebDriverIntegrationTests.shouldBeADifferentWebClient,599.610366785,6.93
spring-projects_spring-boot,daa3d457b71896a758995c264977bdd1414ee4d4,spring-boot-project/spring-boot-test,brittle,org.springframework.boot.test.mock.mockito.ResetMocksTestExecutionListenerTests.test002,183.623200522,26.32
spring-projects_spring-boot,daa3d457b71896a758995c264977bdd1414ee4d4,spring-boot-project/spring-boot-test,brittle,org.springframework.boot.test.mock.mockito.ResetMocksTestExecutionListenerTests.test002,169.071833400,16.67
spring-projects_spring-boot,daa3d457b71896a758995c264977bdd1414ee4d4,spring-boot-project/spring-boot-test,brittle,org.springframework.boot.test.mock.mockito.ResetMocksTestExecutionListenerTests.test002,171.662800273,28.42
spring-projects_spring-boot,daa3d457b71896a758995c264977bdd1414ee4d4,spring-boot-project/spring-boot-test,brittle,org.springframework.boot.test.mock.mockito.ResetMocksTestExecutionListenerTests.test002,156.897166160,11.79
spring-projects_spring-boot,daa3d457b71896a758995c264977bdd1414ee4d4,spring-boot-project/spring-boot-test,brittle,org.springframework.boot.test.mock.mockito.ResetMocksTestExecutionListenerTests.test002,142.525065954,11.64
spring-projects_spring-boot,daa3d457b71896a758995c264977bdd1414ee4d4,spring-boot-project/spring-boot-test,brittle,org.springframework.boot.test.mock.mockito.ResetMocksTestExecutionListenerTests.test002,207.043265815,14.84
spring-projects_spring-boot,daa3d457b71896a758995c264977bdd1414ee4d4,spring-boot-project/spring-boot-test,brittle,org.springframework.boot.test.mock.mockito.ResetMocksTestExecutionListenerTests.test002,208.123966025,22.42
spring-projects_spring-boot,daa3d457b71896a758995c264977bdd1414ee4d4,spring-boot-project/spring-boot-test,brittle,org.springframework.boot.test.mock.mockito.ResetMocksTestExecutionListenerTests.test002,197.081867090,31.83
spring-projects_spring-boot,daa3d457b71896a758995c264977bdd1414ee4d4,spring-boot-project/spring-boot-test,brittle,org.springframework.boot.test.mock.mockito.ResetMocksTestExecutionListenerTests.test002,182.572466242,14.48
spring-projects_spring-boot,daa3d457b71896a758995c264977bdd1414ee4d4,spring-boot-project/spring-boot-test,brittle,org.springframework.boot.test.mock.mockito.ResetMocksTestExecutionListenerTests.test002,142.510433023,5.77
hexagonframework_spring-data-ebean,dd11b97654982403b50dd1d5369cadad71fce410,.,brittle,org.springframework.data.ebean.querychannel.EbeanQueryChannelServiceIntegrationTest.applyQueryObject,13.302932980,2.21
hexagonframework_spring-data-ebean,dd11b97654982403b50dd1d5369cadad71fce410,.,brittle,org.springframework.data.ebean.querychannel.EbeanQueryChannelServiceIntegrationTest.applyQueryObject,13.149666400,1.58
hexagonframework_spring-data-ebean,dd11b97654982403b50dd1d5369cadad71fce410,.,brittle,org.springframework.data.ebean.querychannel.EbeanQueryChannelServiceIntegrationTest.applyQueryObject,12.938533040,1.14
hexagonframework_spring-data-ebean,dd11b97654982403b50dd1d5369cadad71fce410,.,brittle,org.springframework.data.ebean.querychannel.EbeanQueryChannelServiceIntegrationTest.applyQueryObject,13.204533100,1.62
hexagonframework_spring-data-ebean,dd11b97654982403b50dd1d5369cadad71fce410,.,brittle,org.springframework.data.ebean.querychannel.EbeanQueryChannelServiceIntegrationTest.applyQueryObject,13.257732980,1.93
hexagonframework_spring-data-ebean,dd11b97654982403b50dd1d5369cadad71fce410,.,brittle,org.springframework.data.ebean.querychannel.EbeanQueryChannelServiceIntegrationTest.applyQueryObject,13.164999560,1.97
hexagonframework_spring-data-ebean,dd11b97654982403b50dd1d5369cadad71fce410,.,brittle,org.springframework.data.ebean.querychannel.EbeanQueryChannelServiceIntegrationTest.applyQueryObject,13.253533000,1.93
hexagonframework_spring-data-ebean,dd11b97654982403b50dd1d5369cadad71fce410,.,brittle,org.springframework.data.ebean.querychannel.EbeanQueryChannelServiceIntegrationTest.applyQueryObject,12.767866420,0.38
hexagonframework_spring-data-ebean,dd11b97654982403b50dd1d5369cadad71fce410,.,brittle,org.springframework.data.ebean.querychannel.EbeanQueryChannelServiceIntegrationTest.applyQueryObject,12.830733020,0.59
hexagonframework_spring-data-ebean,dd11b97654982403b50dd1d5369cadad71fce410,.,brittle,org.springframework.data.ebean.querychannel.EbeanQueryChannelServiceIntegrationTest.applyQueryObject,12.994799700,1.39
hexagonframework_spring-data-ebean,dd11b97654982403b50dd1d5369cadad71fce410,.,brittle,org.springframework.data.ebean.querychannel.EbeanQueryChannelServiceIntegrationTest.createDtoQuery,13.283199640,2.09
hexagonframework_spring-data-ebean,dd11b97654982403b50dd1d5369cadad71fce410,.,brittle,org.springframework.data.ebean.querychannel.EbeanQueryChannelServiceIntegrationTest.createDtoQuery,13.037466400,1.22
hexagonframework_spring-data-ebean,dd11b97654982403b50dd1d5369cadad71fce410,.,brittle,org.springframework.data.ebean.querychannel.EbeanQueryChannelServiceIntegrationTest.createDtoQuery,13.204132960,1.69
hexagonframework_spring-data-ebean,dd11b97654982403b50dd1d5369cadad71fce410,.,brittle,org.springframework.data.ebean.querychannel.EbeanQueryChannelServiceIntegrationTest.createDtoQuery,13.133666340,1.43
hexagonframework_spring-data-ebean,dd11b97654982403b50dd1d5369cadad71fce410,.,brittle,org.springframework.data.ebean.querychannel.EbeanQueryChannelServiceIntegrationTest.createDtoQuery,13.059533100,1.26
hexagonframework_spring-data-ebean,dd11b97654982403b50dd1d5369cadad71fce410,.,brittle,org.springframework.data.ebean.querychannel.EbeanQueryChannelServiceIntegrationTest.createDtoQuery,13.256266320,1.95
hexagonframework_spring-data-ebean,dd11b97654982403b50dd1d5369cadad71fce410,.,brittle,org.springframework.data.ebean.querychannel.EbeanQueryChannelServiceIntegrationTest.createDtoQuery,13.142799580,1.77
hexagonframework_spring-data-ebean,dd11b97654982403b50dd1d5369cadad71fce410,.,brittle,org.springframework.data.ebean.querychannel.EbeanQueryChannelServiceIntegrationTest.createDtoQuery,13.247132960,1.60
hexagonframework_spring-data-ebean,dd11b97654982403b50dd1d5369cadad71fce410,.,brittle,org.springframework.data.ebean.querychannel.EbeanQueryChannelServiceIntegrationTest.createDtoQuery,13.304199640,2.16
hexagonframework_spring-data-ebean,dd11b97654982403b50dd1d5369cadad71fce410,.,brittle,org.springframework.data.ebean.querychannel.EbeanQueryChannelServiceIntegrationTest.createDtoQuery,13.166133040,1.65
hexagonframework_spring-data-ebean,dd11b97654982403b50dd1d5369cadad71fce410,.,brittle,org.springframework.data.ebean.querychannel.EbeanQueryChannelServiceIntegrationTest.createNamedDtoQuery,12.849399780,0.38
hexagonframework_spring-data-ebean,dd11b97654982403b50dd1d5369cadad71fce410,.,brittle,org.springframework.data.ebean.querychannel.EbeanQueryChannelServiceIntegrationTest.createNamedDtoQuery,13.199599660,1.64
hexagonframework_spring-data-ebean,dd11b97654982403b50dd1d5369cadad71fce410,.,brittle,org.springframework.data.ebean.querychannel.EbeanQueryChannelServiceIntegrationTest.createNamedDtoQuery,12.938466200,0.90
hexagonframework_spring-data-ebean,dd11b97654982403b50dd1d5369cadad71fce410,.,brittle,org.springframework.data.ebean.querychannel.EbeanQueryChannelServiceIntegrationTest.createNamedDtoQuery,13.102799620,1.74
hexagonframework_spring-data-ebean,dd11b97654982403b50dd1d5369cadad71fce410,.,brittle,org.springframework.data.ebean.querychannel.EbeanQueryChannelServiceIntegrationTest.createNamedDtoQuery,13.042733080,1.21
hexagonframework_spring-data-ebean,dd11b97654982403b50dd1d5369cadad71fce410,.,brittle,org.springframework.data.ebean.querychannel.EbeanQueryChannelServiceIntegrationTest.createNamedDtoQuery,12.981133080,0.95
hexagonframework_spring-data-ebean,dd11b97654982403b50dd1d5369cadad71fce410,.,brittle,org.springframework.data.ebean.querychannel.EbeanQueryChannelServiceIntegrationTest.createNamedDtoQuery,13.173466360,1.60
hexagonframework_spring-data-ebean,dd11b97654982403b50dd1d5369cadad71fce410,.,brittle,org.springframework.data.ebean.querychannel.EbeanQueryChannelServiceIntegrationTest.createNamedDtoQuery,13.195266300,1.65
hexagonframework_spring-data-ebean,dd11b97654982403b50dd1d5369cadad71fce410,.,brittle,org.springframework.data.ebean.querychannel.EbeanQueryChannelServiceIntegrationTest.createNamedDtoQuery,13.102532960,1.73
hexagonframework_spring-data-ebean,dd11b97654982403b50dd1d5369cadad71fce410,.,brittle,org.springframework.data.ebean.querychannel.EbeanQueryChannelServiceIntegrationTest.createNamedDtoQuery,12.981933000,0.77
hexagonframework_spring-data-ebean,dd11b97654982403b50dd1d5369cadad71fce410,.,brittle,org.springframework.data.ebean.querychannel.EbeanQueryChannelServiceIntegrationTest.createNamedQueryWhere,12.936999800,0.73
hexagonframework_spring-data-ebean,dd11b97654982403b50dd1d5369cadad71fce410,.,brittle,org.springframework.data.ebean.querychannel.EbeanQueryChannelServiceIntegrationTest.createNamedQueryWhere,13.018799620,1.30
hexagonframework_spring-data-ebean,dd11b97654982403b50dd1d5369cadad71fce410,.,brittle,org.springframework.data.ebean.querychannel.EbeanQueryChannelServiceIntegrationTest.createNamedQueryWhere,13.038999760,1.08
hexagonframework_spring-data-ebean,dd11b97654982403b50dd1d5369cadad71fce410,.,brittle,org.springframework.data.ebean.querychannel.EbeanQueryChannelServiceIntegrationTest.createNamedQueryWhere,13.193999640,1.60
hexagonframework_spring-data-ebean,dd11b97654982403b50dd1d5369cadad71fce410,.,brittle,org.springframework.data.ebean.querychannel.EbeanQueryChannelServiceIntegrationTest.createNamedQueryWhere,13.143399640,1.22
hexagonframework_spring-data-ebean,dd11b97654982403b50dd1d5369cadad71fce410,.,brittle,org.springframework.data.ebean.querychannel.EbeanQueryChannelServiceIntegrationTest.createNamedQueryWhere,13.103199680,1.39
hexagonframework_spring-data-ebean,dd11b97654982403b50dd1d5369cadad71fce410,.,brittle,org.springframework.data.ebean.querychannel.EbeanQueryChannelServiceIntegrationTest.createNamedQueryWhere,13.299599640,2.17
hexagonframework_spring-data-ebean,dd11b97654982403b50dd1d5369cadad71fce410,.,brittle,org.springframework.data.ebean.querychannel.EbeanQueryChannelServiceIntegrationTest.createNamedQueryWhere,13.263132960,2.01
hexagonframework_spring-data-ebean,dd11b97654982403b50dd1d5369cadad71fce410,.,brittle,org.springframework.data.ebean.querychannel.EbeanQueryChannelServiceIntegrationTest.createNamedQueryWhere,12.986999640,1.30
hexagonframework_spring-data-ebean,dd11b97654982403b50dd1d5369cadad71fce410,.,brittle,org.springframework.data.ebean.querychannel.EbeanQueryChannelServiceIntegrationTest.createNamedQueryWhere,13.219399600,1.78
wikidata_wikidata-toolkit,20de6f7f12319f54eb962ff6e8357b3f5695d54d,wdtk-dumpfiles,brittle,org.wikidata.wdtk.dumpfiles.MwDumpFileProcessingTest.testMwDailyDumpFileProcessing,7.414031202,0.36
wikidata_wikidata-toolkit,20de6f7f12319f54eb962ff6e8357b3f5695d54d,wdtk-dumpfiles,brittle,org.wikidata.wdtk.dumpfiles.MwDumpFileProcessingTest.testMwDailyDumpFileProcessing,16.827630368,1.07
wikidata_wikidata-toolkit,20de6f7f12319f54eb962ff6e8357b3f5695d54d,wdtk-dumpfiles,brittle,org.wikidata.wdtk.dumpfiles.MwDumpFileProcessingTest.testMwDailyDumpFileProcessing,12.557363868,0.56
wikidata_wikidata-toolkit,20de6f7f12319f54eb962ff6e8357b3f5695d54d,wdtk-dumpfiles,brittle,org.wikidata.wdtk.dumpfiles.MwDumpFileProcessingTest.testMwDailyDumpFileProcessing,6.019931733,0.35
wikidata_wikidata-toolkit,20de6f7f12319f54eb962ff6e8357b3f5695d54d,wdtk-dumpfiles,brittle,org.wikidata.wdtk.dumpfiles.MwDumpFileProcessingTest.testMwDailyDumpFileProcessing,7.412864660,0.57
wikidata_wikidata-toolkit,20de6f7f12319f54eb962ff6e8357b3f5695d54d,wdtk-dumpfiles,brittle,org.wikidata.wdtk.dumpfiles.MwDumpFileProcessingTest.testMwDailyDumpFileProcessing,10.819497220,1.08
wikidata_wikidata-toolkit,20de6f7f12319f54eb962ff6e8357b3f5695d54d,wdtk-dumpfiles,brittle,org.wikidata.wdtk.dumpfiles.MwDumpFileProcessingTest.testMwDailyDumpFileProcessing,10.443863817,1.10
wikidata_wikidata-toolkit,20de6f7f12319f54eb962ff6e8357b3f5695d54d,wdtk-dumpfiles,brittle,org.wikidata.wdtk.dumpfiles.MwDumpFileProcessingTest.testMwDailyDumpFileProcessing,10.677230503,1.16
wikidata_wikidata-toolkit,20de6f7f12319f54eb962ff6e8357b3f5695d54d,wdtk-dumpfiles,brittle,org.wikidata.wdtk.dumpfiles.MwDumpFileProcessingTest.testMwDailyDumpFileProcessing,9.201797596,1.13
wikidata_wikidata-toolkit,20de6f7f12319f54eb962ff6e8357b3f5695d54d,wdtk-dumpfiles,brittle,org.wikidata.wdtk.dumpfiles.MwDumpFileProcessingTest.testMwDailyDumpFileProcessing,15.339797563,1.12
wikidata_wikidata-toolkit,20de6f7f12319f54eb962ff6e8357b3f5695d54d,wdtk-dumpfiles,brittle,org.wikidata.wdtk.dumpfiles.MwDumpFileProcessingTest.testMwMostRecentFullDumpFileProcessing,9.474199423,0.97
wikidata_wikidata-toolkit,20de6f7f12319f54eb962ff6e8357b3f5695d54d,wdtk-dumpfiles,brittle,org.wikidata.wdtk.dumpfiles.MwDumpFileProcessingTest.testMwMostRecentFullDumpFileProcessing,11.030432959,0.71
wikidata_wikidata-toolkit,20de6f7f12319f54eb962ff6e8357b3f5695d54d,wdtk-dumpfiles,brittle,org.wikidata.wdtk.dumpfiles.MwDumpFileProcessingTest.testMwMostRecentFullDumpFileProcessing,8.837332987,0.39
wikidata_wikidata-toolkit,20de6f7f12319f54eb962ff6e8357b3f5695d54d,wdtk-dumpfiles,brittle,org.wikidata.wdtk.dumpfiles.MwDumpFileProcessingTest.testMwMostRecentFullDumpFileProcessing,5.351333054,0.24
wikidata_wikidata-toolkit,20de6f7f12319f54eb962ff6e8357b3f5695d54d,wdtk-dumpfiles,brittle,org.wikidata.wdtk.dumpfiles.MwDumpFileProcessingTest.testMwMostRecentFullDumpFileProcessing,9.448399518,0.85
wikidata_wikidata-toolkit,20de6f7f12319f54eb962ff6e8357b3f5695d54d,wdtk-dumpfiles,brittle,org.wikidata.wdtk.dumpfiles.MwDumpFileProcessingTest.testMwMostRecentFullDumpFileProcessing,10.259532902,1.01
wikidata_wikidata-toolkit,20de6f7f12319f54eb962ff6e8357b3f5695d54d,wdtk-dumpfiles,brittle,org.wikidata.wdtk.dumpfiles.MwDumpFileProcessingTest.testMwMostRecentFullDumpFileProcessing,8.796599665,0.25
wikidata_wikidata-toolkit,20de6f7f12319f54eb962ff6e8357b3f5695d54d,wdtk-dumpfiles,brittle,org.wikidata.wdtk.dumpfiles.MwDumpFileProcessingTest.testMwMostRecentFullDumpFileProcessing,4.012433124,0.22
wikidata_wikidata-toolkit,20de6f7f12319f54eb962ff6e8357b3f5695d54d,wdtk-dumpfiles,brittle,org.wikidata.wdtk.dumpfiles.MwDumpFileProcessingTest.testMwMostRecentFullDumpFileProcessing,6.764732997,0.61
wikidata_wikidata-toolkit,20de6f7f12319f54eb962ff6e8357b3f5695d54d,wdtk-dumpfiles,brittle,org.wikidata.wdtk.dumpfiles.MwDumpFileProcessingTest.testMwMostRecentFullDumpFileProcessing,8.270966128,1.05
wikidata_wikidata-toolkit,20de6f7f12319f54eb962ff6e8357b3f5695d54d,wdtk-dumpfiles,brittle,org.wikidata.wdtk.dumpfiles.MwDumpFileProcessingTest.testMwRecentCurrentDumpFileProcessing,6.771833020,0.34
wikidata_wikidata-toolkit,20de6f7f12319f54eb962ff6e8357b3f5695d54d,wdtk-dumpfiles,brittle,org.wikidata.wdtk.dumpfiles.MwDumpFileProcessingTest.testMwRecentCurrentDumpFileProcessing,6.784766326,0.39
wikidata_wikidata-toolkit,20de6f7f12319f54eb962ff6e8357b3f5695d54d,wdtk-dumpfiles,brittle,org.wikidata.wdtk.dumpfiles.MwDumpFileProcessingTest.testMwRecentCurrentDumpFileProcessing,13.103731427,0.65
wikidata_wikidata-toolkit,20de6f7f12319f54eb962ff6e8357b3f5695d54d,wdtk-dumpfiles,brittle,org.wikidata.wdtk.dumpfiles.MwDumpFileProcessingTest.testMwRecentCurrentDumpFileProcessing,6.830432960,0.71
wikidata_wikidata-toolkit,20de6f7f12319f54eb962ff6e8357b3f5695d54d,wdtk-dumpfiles,brittle,org.wikidata.wdtk.dumpfiles.MwDumpFileProcessingTest.testMwRecentCurrentDumpFileProcessing,4.063566470,0.22
wikidata_wikidata-toolkit,20de6f7f12319f54eb962ff6e8357b3f5695d54d,wdtk-dumpfiles,brittle,org.wikidata.wdtk.dumpfiles.MwDumpFileProcessingTest.testMwRecentCurrentDumpFileProcessing,4.067733129,0.22
wikidata_wikidata-toolkit,20de6f7f12319f54eb962ff6e8357b3f5695d54d,wdtk-dumpfiles,brittle,org.wikidata.wdtk.dumpfiles.MwDumpFileProcessingTest.testMwRecentCurrentDumpFileProcessing,7.095833163,0.61
wikidata_wikidata-toolkit,20de6f7f12319f54eb962ff6e8357b3f5695d54d,wdtk-dumpfiles,brittle,org.wikidata.wdtk.dumpfiles.MwDumpFileProcessingTest.testMwRecentCurrentDumpFileProcessing,7.045733017,0.78
wikidata_wikidata-toolkit,20de6f7f12319f54eb962ff6e8357b3f5695d54d,wdtk-dumpfiles,brittle,org.wikidata.wdtk.dumpfiles.MwDumpFileProcessingTest.testMwRecentCurrentDumpFileProcessing,8.711265539,1.19
wikidata_wikidata-toolkit,20de6f7f12319f54eb962ff6e8357b3f5695d54d,wdtk-dumpfiles,brittle,org.wikidata.wdtk.dumpfiles.MwDumpFileProcessingTest.testMwRecentCurrentDumpFileProcessing,9.475566216,0.56
