Project-name,SHA,Module,Type,Od-test,Total-Runtime,Time-to-run-the-last-one
proj,sha,module,od_test_category,od_test,0,.002621348
alibaba_fastjson,5c6d6fd471ea1fab59f0df2dd31e0b936806780d,.,brittle,com.alibaba.json.bvt.parser.DefaultExtJSONParser_parseArray.test_7,86.014206034,37.373875763
alibaba_fastjson,5c6d6fd471ea1fab59f0df2dd31e0b936806780d,.,brittle,com.alibaba.json.bvt.parser.DefaultExtJSONParser_parseArray.test_7,79.921033175,39.924986681
alibaba_fastjson,5c6d6fd471ea1fab59f0df2dd31e0b936806780d,.,brittle,com.alibaba.json.bvt.parser.DefaultExtJSONParser_parseArray.test_7,125.927215665,224.582254690
alibaba_fastjson,5c6d6fd471ea1fab59f0df2dd31e0b936806780d,.,brittle,com.alibaba.json.bvt.parser.DefaultExtJSONParser_parseArray.test_7,102.177881363,77.637439885
alibaba_fastjson,5c6d6fd471ea1fab59f0df2dd31e0b936806780d,.,brittle,com.alibaba.json.bvt.parser.DefaultExtJSONParser_parseArray.test_7,114.712703966,131.339671444
alibaba_fastjson,5c6d6fd471ea1fab59f0df2dd31e0b936806780d,.,brittle,com.alibaba.json.bvt.parser.DefaultExtJSONParser_parseArray.test_7,150.519096868,146.008764488
alibaba_fastjson,5c6d6fd471ea1fab59f0df2dd31e0b936806780d,.,brittle,com.alibaba.json.bvt.parser.DefaultExtJSONParser_parseArray.test_7,117.764577793,119.710115739
alibaba_fastjson,5c6d6fd471ea1fab59f0df2dd31e0b936806780d,.,brittle,com.alibaba.json.bvt.parser.DefaultExtJSONParser_parseArray.test_7,80.404700298,20.504537889
alibaba_fastjson,5c6d6fd471ea1fab59f0df2dd31e0b936806780d,.,brittle,com.alibaba.json.bvt.parser.DefaultExtJSONParser_parseArray.test_7,76.606902449,40.668558326
alibaba_fastjson,5c6d6fd471ea1fab59f0df2dd31e0b936806780d,.,brittle,com.alibaba.json.bvt.parser.DefaultExtJSONParser_parseArray.test_7,111.229030949,159.606128866
alibaba_fastjson,5c6d6fd471ea1fab59f0df2dd31e0b936806780d,.,brittle,com.alibaba.json.bvt.parser.DefaultExtJSONParser_parseArray.test_8,131.691448291,177.582318402
alibaba_fastjson,5c6d6fd471ea1fab59f0df2dd31e0b936806780d,.,brittle,com.alibaba.json.bvt.parser.DefaultExtJSONParser_parseArray.test_8,95.840211347,67.097466140
alibaba_fastjson,5c6d6fd471ea1fab59f0df2dd31e0b936806780d,.,brittle,com.alibaba.json.bvt.parser.DefaultExtJSONParser_parseArray.test_8,106.717535866,147.218085702
alibaba_fastjson,5c6d6fd471ea1fab59f0df2dd31e0b936806780d,.,brittle,com.alibaba.json.bvt.parser.DefaultExtJSONParser_parseArray.test_8,141.051067157,190.595646040
alibaba_fastjson,5c6d6fd471ea1fab59f0df2dd31e0b936806780d,.,brittle,com.alibaba.json.bvt.parser.DefaultExtJSONParser_parseArray.test_8,116.622036755,178.104526678
alibaba_fastjson,5c6d6fd471ea1fab59f0df2dd31e0b936806780d,.,brittle,com.alibaba.json.bvt.parser.DefaultExtJSONParser_parseArray.test_8,112.719802481,134.227239391
alibaba_fastjson,5c6d6fd471ea1fab59f0df2dd31e0b936806780d,.,brittle,com.alibaba.json.bvt.parser.DefaultExtJSONParser_parseArray.test_8,99.316263652,44.965095113
alibaba_fastjson,5c6d6fd471ea1fab59f0df2dd31e0b936806780d,.,brittle,com.alibaba.json.bvt.parser.DefaultExtJSONParser_parseArray.test_8,47.371199724,2.504806570
alibaba_fastjson,5c6d6fd471ea1fab59f0df2dd31e0b936806780d,.,brittle,com.alibaba.json.bvt.parser.DefaultExtJSONParser_parseArray.test_8,162.877548081,90.948339750
alibaba_fastjson,5c6d6fd471ea1fab59f0df2dd31e0b936806780d,.,brittle,com.alibaba.json.bvt.parser.DefaultExtJSONParser_parseArray.test_8,142.131570029,213.113671512
vmware_admiral,e4b02936cc7d4ff2714e7231db0c4373ba5d48a2,compute,brittle,com.vmware.admiral.compute.container.GroupResourcePlacementServiceTest.testMemoryPlacementReservationRequest,132.315646078,5.401062141
vmware_admiral,e4b02936cc7d4ff2714e7231db0c4373ba5d48a2,compute,brittle,com.vmware.admiral.compute.container.GroupResourcePlacementServiceTest.testMemoryPlacementReservationRequest,62.008949053,1.232544118
vmware_admiral,e4b02936cc7d4ff2714e7231db0c4373ba5d48a2,compute,brittle,com.vmware.admiral.compute.container.GroupResourcePlacementServiceTest.testMemoryPlacementReservationRequest,162.125585319,4.961471435
vmware_admiral,e4b02936cc7d4ff2714e7231db0c4373ba5d48a2,compute,brittle,com.vmware.admiral.compute.container.GroupResourcePlacementServiceTest.testMemoryPlacementReservationRequest,66.089763598,2.417214022
vmware_admiral,e4b02936cc7d4ff2714e7231db0c4373ba5d48a2,compute,brittle,com.vmware.admiral.compute.container.GroupResourcePlacementServiceTest.testMemoryPlacementReservationRequest,179.948192633,7.356487092
vmware_admiral,e4b02936cc7d4ff2714e7231db0c4373ba5d48a2,compute,brittle,com.vmware.admiral.compute.container.GroupResourcePlacementServiceTest.testMemoryPlacementReservationRequest,44.659065060,.954451857
vmware_admiral,e4b02936cc7d4ff2714e7231db0c4373ba5d48a2,compute,brittle,com.vmware.admiral.compute.container.GroupResourcePlacementServiceTest.testMemoryPlacementReservationRequest,148.642407337,5.655106850
vmware_admiral,e4b02936cc7d4ff2714e7231db0c4373ba5d48a2,compute,brittle,com.vmware.admiral.compute.container.GroupResourcePlacementServiceTest.testMemoryPlacementReservationRequest,36.725796700,.473257671
vmware_admiral,e4b02936cc7d4ff2714e7231db0c4373ba5d48a2,compute,brittle,com.vmware.admiral.compute.container.GroupResourcePlacementServiceTest.testMemoryPlacementReservationRequest,76.637766635,1.491698156
vmware_admiral,e4b02936cc7d4ff2714e7231db0c4373ba5d48a2,compute,brittle,com.vmware.admiral.compute.container.GroupResourcePlacementServiceTest.testMemoryPlacementReservationRequest,131.692160534,3.855756471
doanduyhai_Achilles,e3099bdce342910951c4862c78751fd81ed4552e,integration-test-2_1,brittle,info.archinnov.achilles.it.TestCRUDSimpleEntity.should_insert_with_insert_strategy_non_null_fields,23.080348530,2.926370523
doanduyhai_Achilles,e3099bdce342910951c4862c78751fd81ed4552e,integration-test-2_1,brittle,info.archinnov.achilles.it.TestCRUDSimpleEntity.should_insert_with_insert_strategy_non_null_fields,20.566467830,2.964319716
doanduyhai_Achilles,e3099bdce342910951c4862c78751fd81ed4552e,integration-test-2_1,brittle,info.archinnov.achilles.it.TestCRUDSimpleEntity.should_insert_with_insert_strategy_non_null_fields,13.770664300,2.242388301
doanduyhai_Achilles,e3099bdce342910951c4862c78751fd81ed4552e,integration-test-2_1,brittle,info.archinnov.achilles.it.TestCRUDSimpleEntity.should_insert_with_insert_strategy_non_null_fields,18.100136030,3.078495024
doanduyhai_Achilles,e3099bdce342910951c4862c78751fd81ed4552e,integration-test-2_1,brittle,info.archinnov.achilles.it.TestCRUDSimpleEntity.should_insert_with_insert_strategy_non_null_fields,13.373108160,2.151759995
doanduyhai_Achilles,e3099bdce342910951c4862c78751fd81ed4552e,integration-test-2_1,brittle,info.archinnov.achilles.it.TestCRUDSimpleEntity.should_insert_with_insert_strategy_non_null_fields,12.290210400,1.249309639
doanduyhai_Achilles,e3099bdce342910951c4862c78751fd81ed4552e,integration-test-2_1,brittle,info.archinnov.achilles.it.TestCRUDSimpleEntity.should_insert_with_insert_strategy_non_null_fields,10.578534730,1.534201133
doanduyhai_Achilles,e3099bdce342910951c4862c78751fd81ed4552e,integration-test-2_1,brittle,info.archinnov.achilles.it.TestCRUDSimpleEntity.should_insert_with_insert_strategy_non_null_fields,17.783300800,2.293651145
doanduyhai_Achilles,e3099bdce342910951c4862c78751fd81ed4552e,integration-test-2_1,brittle,info.archinnov.achilles.it.TestCRUDSimpleEntity.should_insert_with_insert_strategy_non_null_fields,14.708507100,2.563078306
doanduyhai_Achilles,e3099bdce342910951c4862c78751fd81ed4552e,integration-test-2_1,brittle,info.archinnov.achilles.it.TestCRUDSimpleEntity.should_insert_with_insert_strategy_non_null_fields,1.288100700,.219593253
fhoeben_hsac-fitnesse-fixtures,a64c18d9c4bac8271275c7b089d40be20f0604b5,.,brittle,nl.hsac.fitnesse.fixture.slim.FileFixtureTest.testDelete,32.155600567,2.730405852
fhoeben_hsac-fitnesse-fixtures,a64c18d9c4bac8271275c7b089d40be20f0604b5,.,brittle,nl.hsac.fitnesse.fixture.slim.FileFixtureTest.testDelete,31.134934388,2.062439686
fhoeben_hsac-fitnesse-fixtures,a64c18d9c4bac8271275c7b089d40be20f0604b5,.,brittle,nl.hsac.fitnesse.fixture.slim.FileFixtureTest.testDelete,36.658935643,3.716236699
fhoeben_hsac-fitnesse-fixtures,a64c18d9c4bac8271275c7b089d40be20f0604b5,.,brittle,nl.hsac.fitnesse.fixture.slim.FileFixtureTest.testDelete,31.133366710,1.836414043
fhoeben_hsac-fitnesse-fixtures,a64c18d9c4bac8271275c7b089d40be20f0604b5,.,brittle,nl.hsac.fitnesse.fixture.slim.FileFixtureTest.testDelete,37.024169638,3.528977206
fhoeben_hsac-fitnesse-fixtures,a64c18d9c4bac8271275c7b089d40be20f0604b5,.,brittle,nl.hsac.fitnesse.fixture.slim.FileFixtureTest.testDelete,26.504500084,1.025590652
fhoeben_hsac-fitnesse-fixtures,a64c18d9c4bac8271275c7b089d40be20f0604b5,.,brittle,nl.hsac.fitnesse.fixture.slim.FileFixtureTest.testDelete,37.399135563,3.148096392
fhoeben_hsac-fitnesse-fixtures,a64c18d9c4bac8271275c7b089d40be20f0604b5,.,brittle,nl.hsac.fitnesse.fixture.slim.FileFixtureTest.testDelete,31.175268137,1.564596883
fhoeben_hsac-fitnesse-fixtures,a64c18d9c4bac8271275c7b089d40be20f0604b5,.,brittle,nl.hsac.fitnesse.fixture.slim.FileFixtureTest.testDelete,31.680767585,3.089740992
fhoeben_hsac-fitnesse-fixtures,a64c18d9c4bac8271275c7b089d40be20f0604b5,.,brittle,nl.hsac.fitnesse.fixture.slim.FileFixtureTest.testDelete,30.993367276,1.867414222
Activiti_Activiti,b11f757a48600e53aaf3fcb7a3ba1ece6c463cb4,activiti-spring-boot-starter,brittle,org.activiti.spring.boot.tasks.TaskRuntimeClaimReleaseTest.bClaimAndRelease,33.355333330,.392525854
Activiti_Activiti,b11f757a48600e53aaf3fcb7a3ba1ece6c463cb4,activiti-spring-boot-starter,brittle,org.activiti.spring.boot.tasks.TaskRuntimeClaimReleaseTest.bClaimAndRelease,33.459633150,.410830244
Activiti_Activiti,b11f757a48600e53aaf3fcb7a3ba1ece6c463cb4,activiti-spring-boot-starter,brittle,org.activiti.spring.boot.tasks.TaskRuntimeClaimReleaseTest.bClaimAndRelease,27.842900013,.315881508
Activiti_Activiti,b11f757a48600e53aaf3fcb7a3ba1ece6c463cb4,activiti-spring-boot-starter,brittle,org.activiti.spring.boot.tasks.TaskRuntimeClaimReleaseTest.bClaimAndRelease,27.952899990,.206504574
Activiti_Activiti,b11f757a48600e53aaf3fcb7a3ba1ece6c463cb4,activiti-spring-boot-starter,brittle,org.activiti.spring.boot.tasks.TaskRuntimeClaimReleaseTest.bClaimAndRelease,22.130066620,.163891921
Activiti_Activiti,b11f757a48600e53aaf3fcb7a3ba1ece6c463cb4,activiti-spring-boot-starter,brittle,org.activiti.spring.boot.tasks.TaskRuntimeClaimReleaseTest.bClaimAndRelease,27.884599890,.384581779
Activiti_Activiti,b11f757a48600e53aaf3fcb7a3ba1ece6c463cb4,activiti-spring-boot-starter,brittle,org.activiti.spring.boot.tasks.TaskRuntimeClaimReleaseTest.bClaimAndRelease,33.591966756,.416534819
Activiti_Activiti,b11f757a48600e53aaf3fcb7a3ba1ece6c463cb4,activiti-spring-boot-starter,brittle,org.activiti.spring.boot.tasks.TaskRuntimeClaimReleaseTest.bClaimAndRelease,27.825800040,.373598739
Activiti_Activiti,b11f757a48600e53aaf3fcb7a3ba1ece6c463cb4,activiti-spring-boot-starter,brittle,org.activiti.spring.boot.tasks.TaskRuntimeClaimReleaseTest.bClaimAndRelease,22.129866660,.136550024
Activiti_Activiti,b11f757a48600e53aaf3fcb7a3ba1ece6c463cb4,activiti-spring-boot-starter,brittle,org.activiti.spring.boot.tasks.TaskRuntimeClaimReleaseTest.bClaimAndRelease,27.973466706,.442025999
Activiti_Activiti,b11f757a48600e53aaf3fcb7a3ba1ece6c463cb4,activiti-spring-boot-starter,brittle,org.activiti.spring.boot.tasks.TaskRuntimeClaimReleaseTest.eCreateStandaloneTaskAndClaimAndReleaseUnAuthorized,33.483299899,.370021841
Activiti_Activiti,b11f757a48600e53aaf3fcb7a3ba1ece6c463cb4,activiti-spring-boot-starter,brittle,org.activiti.spring.boot.tasks.TaskRuntimeClaimReleaseTest.eCreateStandaloneTaskAndClaimAndReleaseUnAuthorized,22.274700023,.228090755
Activiti_Activiti,b11f757a48600e53aaf3fcb7a3ba1ece6c463cb4,activiti-spring-boot-starter,brittle,org.activiti.spring.boot.tasks.TaskRuntimeClaimReleaseTest.eCreateStandaloneTaskAndClaimAndReleaseUnAuthorized,16.600199960,.128821583
Activiti_Activiti,b11f757a48600e53aaf3fcb7a3ba1ece6c463cb4,activiti-spring-boot-starter,brittle,org.activiti.spring.boot.tasks.TaskRuntimeClaimReleaseTest.eCreateStandaloneTaskAndClaimAndReleaseUnAuthorized,33.670500016,.469434876
Activiti_Activiti,b11f757a48600e53aaf3fcb7a3ba1ece6c463cb4,activiti-spring-boot-starter,brittle,org.activiti.spring.boot.tasks.TaskRuntimeClaimReleaseTest.eCreateStandaloneTaskAndClaimAndReleaseUnAuthorized,27.767900020,.300736410
Activiti_Activiti,b11f757a48600e53aaf3fcb7a3ba1ece6c463cb4,activiti-spring-boot-starter,brittle,org.activiti.spring.boot.tasks.TaskRuntimeClaimReleaseTest.eCreateStandaloneTaskAndClaimAndReleaseUnAuthorized,16.771233220,.134393288
Activiti_Activiti,b11f757a48600e53aaf3fcb7a3ba1ece6c463cb4,activiti-spring-boot-starter,brittle,org.activiti.spring.boot.tasks.TaskRuntimeClaimReleaseTest.eCreateStandaloneTaskAndClaimAndReleaseUnAuthorized,22.259666570,.218551476
Activiti_Activiti,b11f757a48600e53aaf3fcb7a3ba1ece6c463cb4,activiti-spring-boot-starter,brittle,org.activiti.spring.boot.tasks.TaskRuntimeClaimReleaseTest.eCreateStandaloneTaskAndClaimAndReleaseUnAuthorized,27.963400020,.223567806
Activiti_Activiti,b11f757a48600e53aaf3fcb7a3ba1ece6c463cb4,activiti-spring-boot-starter,brittle,org.activiti.spring.boot.tasks.TaskRuntimeClaimReleaseTest.eCreateStandaloneTaskAndClaimAndReleaseUnAuthorized,28.015433286,.348411528
Activiti_Activiti,b11f757a48600e53aaf3fcb7a3ba1ece6c463cb4,activiti-spring-boot-starter,brittle,org.activiti.spring.boot.tasks.TaskRuntimeClaimReleaseTest.eCreateStandaloneTaskAndClaimAndReleaseUnAuthorized,27.764100019,.326788968
Activiti_Activiti,b11f757a48600e53aaf3fcb7a3ba1ece6c463cb4,activiti-spring-boot-starter,brittle,org.activiti.spring.boot.tasks.TaskRuntimeDeleteTaskTest.dClaimTaskCreatedForGroup,33.373666733,.335862835
Activiti_Activiti,b11f757a48600e53aaf3fcb7a3ba1ece6c463cb4,activiti-spring-boot-starter,brittle,org.activiti.spring.boot.tasks.TaskRuntimeDeleteTaskTest.dClaimTaskCreatedForGroup,27.686599963,.244513646
Activiti_Activiti,b11f757a48600e53aaf3fcb7a3ba1ece6c463cb4,activiti-spring-boot-starter,brittle,org.activiti.spring.boot.tasks.TaskRuntimeDeleteTaskTest.dClaimTaskCreatedForGroup,27.800666660,.313194073
Activiti_Activiti,b11f757a48600e53aaf3fcb7a3ba1ece6c463cb4,activiti-spring-boot-starter,brittle,org.activiti.spring.boot.tasks.TaskRuntimeDeleteTaskTest.dClaimTaskCreatedForGroup,22.121833340,.148178508
Activiti_Activiti,b11f757a48600e53aaf3fcb7a3ba1ece6c463cb4,activiti-spring-boot-starter,brittle,org.activiti.spring.boot.tasks.TaskRuntimeDeleteTaskTest.dClaimTaskCreatedForGroup,33.365899830,.385297312
Activiti_Activiti,b11f757a48600e53aaf3fcb7a3ba1ece6c463cb4,activiti-spring-boot-starter,brittle,org.activiti.spring.boot.tasks.TaskRuntimeDeleteTaskTest.dClaimTaskCreatedForGroup,33.418400063,.351974475
Activiti_Activiti,b11f757a48600e53aaf3fcb7a3ba1ece6c463cb4,activiti-spring-boot-starter,brittle,org.activiti.spring.boot.tasks.TaskRuntimeDeleteTaskTest.dClaimTaskCreatedForGroup,27.817766850,.278433421
Activiti_Activiti,b11f757a48600e53aaf3fcb7a3ba1ece6c463cb4,activiti-spring-boot-starter,brittle,org.activiti.spring.boot.tasks.TaskRuntimeDeleteTaskTest.dClaimTaskCreatedForGroup,27.865766770,.233605676
Activiti_Activiti,b11f757a48600e53aaf3fcb7a3ba1ece6c463cb4,activiti-spring-boot-starter,brittle,org.activiti.spring.boot.tasks.TaskRuntimeDeleteTaskTest.dClaimTaskCreatedForGroup,22.295100020,.269833495
Activiti_Activiti,b11f757a48600e53aaf3fcb7a3ba1ece6c463cb4,activiti-spring-boot-starter,brittle,org.activiti.spring.boot.tasks.TaskRuntimeDeleteTaskTest.dClaimTaskCreatedForGroup,27.847433349,.396834033
Activiti_Activiti,b11f757a48600e53aaf3fcb7a3ba1ece6c463cb4,activiti-spring-boot-starter,brittle,org.activiti.spring.boot.tasks.TaskRuntimeTaskAssigneeTest.bCreateCheckTaskCreatedForSalaboyFromAnotherUser,22.237366633,.230322052
Activiti_Activiti,b11f757a48600e53aaf3fcb7a3ba1ece6c463cb4,activiti-spring-boot-starter,brittle,org.activiti.spring.boot.tasks.TaskRuntimeTaskAssigneeTest.bCreateCheckTaskCreatedForSalaboyFromAnotherUser,33.407366563,.401048114
Activiti_Activiti,b11f757a48600e53aaf3fcb7a3ba1ece6c463cb4,activiti-spring-boot-starter,brittle,org.activiti.spring.boot.tasks.TaskRuntimeTaskAssigneeTest.bCreateCheckTaskCreatedForSalaboyFromAnotherUser,27.881000093,.220952203
Activiti_Activiti,b11f757a48600e53aaf3fcb7a3ba1ece6c463cb4,activiti-spring-boot-starter,brittle,org.activiti.spring.boot.tasks.TaskRuntimeTaskAssigneeTest.bCreateCheckTaskCreatedForSalaboyFromAnotherUser,22.179666510,.109941239
Activiti_Activiti,b11f757a48600e53aaf3fcb7a3ba1ece6c463cb4,activiti-spring-boot-starter,brittle,org.activiti.spring.boot.tasks.TaskRuntimeTaskAssigneeTest.bCreateCheckTaskCreatedForSalaboyFromAnotherUser,27.883400016,.420243610
Activiti_Activiti,b11f757a48600e53aaf3fcb7a3ba1ece6c463cb4,activiti-spring-boot-starter,brittle,org.activiti.spring.boot.tasks.TaskRuntimeTaskAssigneeTest.bCreateCheckTaskCreatedForSalaboyFromAnotherUser,27.850566670,.239162627
Activiti_Activiti,b11f757a48600e53aaf3fcb7a3ba1ece6c463cb4,activiti-spring-boot-starter,brittle,org.activiti.spring.boot.tasks.TaskRuntimeTaskAssigneeTest.bCreateCheckTaskCreatedForSalaboyFromAnotherUser,33.555833233,.369249341
Activiti_Activiti,b11f757a48600e53aaf3fcb7a3ba1ece6c463cb4,activiti-spring-boot-starter,brittle,org.activiti.spring.boot.tasks.TaskRuntimeTaskAssigneeTest.bCreateCheckTaskCreatedForSalaboyFromAnotherUser,27.874033373,.378265696
Activiti_Activiti,b11f757a48600e53aaf3fcb7a3ba1ece6c463cb4,activiti-spring-boot-starter,brittle,org.activiti.spring.boot.tasks.TaskRuntimeTaskAssigneeTest.bCreateCheckTaskCreatedForSalaboyFromAnotherUser,22.134166600,.105301598
Activiti_Activiti,b11f757a48600e53aaf3fcb7a3ba1ece6c463cb4,activiti-spring-boot-starter,brittle,org.activiti.spring.boot.tasks.TaskRuntimeTaskAssigneeTest.bCreateCheckTaskCreatedForSalaboyFromAnotherUser,27.954699963,.377423971
apache_incubator-dubbo,737f7a7ea67832d7f17517326fb2491d0a086dd7,dubbo-rpc/dubbo-rpc-dubbo,brittle,org.apache.dubbo.rpc.protocol.dubbo.DubboProtocolTest.testDubboProtocolWithMina,269.377506205,.428663210
apache_incubator-dubbo,737f7a7ea67832d7f17517326fb2491d0a086dd7,dubbo-rpc/dubbo-rpc-dubbo,brittle,org.apache.dubbo.rpc.protocol.dubbo.DubboProtocolTest.testDubboProtocolWithMina,180.753443470,.128644945
apache_incubator-dubbo,737f7a7ea67832d7f17517326fb2491d0a086dd7,dubbo-rpc/dubbo-rpc-dubbo,brittle,org.apache.dubbo.rpc.protocol.dubbo.DubboProtocolTest.testDubboProtocolWithMina,215.533913769,.273602941
apache_incubator-dubbo,737f7a7ea67832d7f17517326fb2491d0a086dd7,dubbo-rpc/dubbo-rpc-dubbo,brittle,org.apache.dubbo.rpc.protocol.dubbo.DubboProtocolTest.testDubboProtocolWithMina,349.323311205,.541562289
apache_incubator-dubbo,737f7a7ea67832d7f17517326fb2491d0a086dd7,dubbo-rpc/dubbo-rpc-dubbo,brittle,org.apache.dubbo.rpc.protocol.dubbo.DubboProtocolTest.testDubboProtocolWithMina,358.479976957,.671584910
apache_incubator-dubbo,737f7a7ea67832d7f17517326fb2491d0a086dd7,dubbo-rpc/dubbo-rpc-dubbo,brittle,org.apache.dubbo.rpc.protocol.dubbo.DubboProtocolTest.testDubboProtocolWithMina,214.330210129,.240701585
apache_incubator-dubbo,737f7a7ea67832d7f17517326fb2491d0a086dd7,dubbo-rpc/dubbo-rpc-dubbo,brittle,org.apache.dubbo.rpc.protocol.dubbo.DubboProtocolTest.testDubboProtocolWithMina,404.102733167,.328602390
apache_incubator-dubbo,737f7a7ea67832d7f17517326fb2491d0a086dd7,dubbo-rpc/dubbo-rpc-dubbo,brittle,org.apache.dubbo.rpc.protocol.dubbo.DubboProtocolTest.testDubboProtocolWithMina,175.969500137,.124734045
apache_incubator-dubbo,737f7a7ea67832d7f17517326fb2491d0a086dd7,dubbo-rpc/dubbo-rpc-dubbo,brittle,org.apache.dubbo.rpc.protocol.dubbo.DubboProtocolTest.testDubboProtocolWithMina,298.249436172,.331287832
apache_incubator-dubbo,737f7a7ea67832d7f17517326fb2491d0a086dd7,dubbo-rpc/dubbo-rpc-dubbo,brittle,org.apache.dubbo.rpc.protocol.dubbo.DubboProtocolTest.testDubboProtocolWithMina,405.477342568,.448038169
wildfly_wildfly,b19048b72669fc0e96665b1b125dc1fda21f5993,naming,brittle,org.jboss.as.naming.WritableServiceBasedNamingStoreTestCase.testPermissions,14.959234287,.608997888
wildfly_wildfly,b19048b72669fc0e96665b1b125dc1fda21f5993,naming,brittle,org.jboss.as.naming.WritableServiceBasedNamingStoreTestCase.testPermissions,11.814199613,.679662111
wildfly_wildfly,b19048b72669fc0e96665b1b125dc1fda21f5993,naming,brittle,org.jboss.as.naming.WritableServiceBasedNamingStoreTestCase.testPermissions,14.572499176,.911567796
wildfly_wildfly,b19048b72669fc0e96665b1b125dc1fda21f5993,naming,brittle,org.jboss.as.naming.WritableServiceBasedNamingStoreTestCase.testPermissions,14.566365535,.857284605
wildfly_wildfly,b19048b72669fc0e96665b1b125dc1fda21f5993,naming,brittle,org.jboss.as.naming.WritableServiceBasedNamingStoreTestCase.testPermissions,11.688799497,.312875898
wildfly_wildfly,b19048b72669fc0e96665b1b125dc1fda21f5993,naming,brittle,org.jboss.as.naming.WritableServiceBasedNamingStoreTestCase.testPermissions,11.539999673,.492203066
wildfly_wildfly,b19048b72669fc0e96665b1b125dc1fda21f5993,naming,brittle,org.jboss.as.naming.WritableServiceBasedNamingStoreTestCase.testPermissions,11.669032881,.607778511
wildfly_wildfly,b19048b72669fc0e96665b1b125dc1fda21f5993,naming,brittle,org.jboss.as.naming.WritableServiceBasedNamingStoreTestCase.testPermissions,9.325033045,.192846609
wildfly_wildfly,b19048b72669fc0e96665b1b125dc1fda21f5993,naming,brittle,org.jboss.as.naming.WritableServiceBasedNamingStoreTestCase.testPermissions,9.116699762,.255119660
wildfly_wildfly,b19048b72669fc0e96665b1b125dc1fda21f5993,naming,brittle,org.jboss.as.naming.WritableServiceBasedNamingStoreTestCase.testPermissions,14.882598609,.630142563
spring-projects_spring-boot,daa3d457b71896a758995c264977bdd1414ee4d4,spring-boot-project/spring-boot-test-autoconfigure,brittle,org.springframework.boot.test.autoconfigure.web.servlet.mockmvc.WebMvcTestWebDriverIntegrationTests.shouldBeADifferentWebClient,476.998133092,1.247156444
spring-projects_spring-boot,daa3d457b71896a758995c264977bdd1414ee4d4,spring-boot-project/spring-boot-test-autoconfigure,brittle,org.springframework.boot.test.autoconfigure.web.servlet.mockmvc.WebMvcTestWebDriverIntegrationTests.shouldBeADifferentWebClient,478.216166222,1.685163296
spring-projects_spring-boot,daa3d457b71896a758995c264977bdd1414ee4d4,spring-boot-project/spring-boot-test-autoconfigure,brittle,org.springframework.boot.test.autoconfigure.web.servlet.mockmvc.WebMvcTestWebDriverIntegrationTests.shouldBeADifferentWebClient,476.961567217,2.069135256
spring-projects_spring-boot,daa3d457b71896a758995c264977bdd1414ee4d4,spring-boot-project/spring-boot-test-autoconfigure,brittle,org.springframework.boot.test.autoconfigure.web.servlet.mockmvc.WebMvcTestWebDriverIntegrationTests.shouldBeADifferentWebClient,418.455366617,2.247909603
spring-projects_spring-boot,daa3d457b71896a758995c264977bdd1414ee4d4,spring-boot-project/spring-boot-test-autoconfigure,brittle,org.springframework.boot.test.autoconfigure.web.servlet.mockmvc.WebMvcTestWebDriverIntegrationTests.shouldBeADifferentWebClient,477.993799406,2.576528696
spring-projects_spring-boot,daa3d457b71896a758995c264977bdd1414ee4d4,spring-boot-project/spring-boot-test-autoconfigure,brittle,org.springframework.boot.test.autoconfigure.web.servlet.mockmvc.WebMvcTestWebDriverIntegrationTests.shouldBeADifferentWebClient,477.205432227,2.387100965
spring-projects_spring-boot,daa3d457b71896a758995c264977bdd1414ee4d4,spring-boot-project/spring-boot-test-autoconfigure,brittle,org.springframework.boot.test.autoconfigure.web.servlet.mockmvc.WebMvcTestWebDriverIntegrationTests.shouldBeADifferentWebClient,478.254166813,2.326344121
spring-projects_spring-boot,daa3d457b71896a758995c264977bdd1414ee4d4,spring-boot-project/spring-boot-test-autoconfigure,brittle,org.springframework.boot.test.autoconfigure.web.servlet.mockmvc.WebMvcTestWebDriverIntegrationTests.shouldBeADifferentWebClient,478.075299385,2.402036109
spring-projects_spring-boot,daa3d457b71896a758995c264977bdd1414ee4d4,spring-boot-project/spring-boot-test-autoconfigure,brittle,org.springframework.boot.test.autoconfigure.web.servlet.mockmvc.WebMvcTestWebDriverIntegrationTests.shouldBeADifferentWebClient,417.684831172,1.875761279
spring-projects_spring-boot,daa3d457b71896a758995c264977bdd1414ee4d4,spring-boot-project/spring-boot-test-autoconfigure,brittle,org.springframework.boot.test.autoconfigure.web.servlet.mockmvc.WebMvcTestWebDriverIntegrationTests.shouldBeADifferentWebClient,478.360966785,2.882980047
spring-projects_spring-boot,daa3d457b71896a758995c264977bdd1414ee4d4,spring-boot-project/spring-boot-test,brittle,org.springframework.boot.test.mock.mockito.ResetMocksTestExecutionListenerTests.test002,130.285266606,6.516300945
spring-projects_spring-boot,daa3d457b71896a758995c264977bdd1414ee4d4,spring-boot-project/spring-boot-test,brittle,org.springframework.boot.test.mock.mockito.ResetMocksTestExecutionListenerTests.test002,117.458299967,6.374190876
spring-projects_spring-boot,daa3d457b71896a758995c264977bdd1414ee4d4,spring-boot-project/spring-boot-test,brittle,org.springframework.boot.test.mock.mockito.ResetMocksTestExecutionListenerTests.test002,117.740766637,6.856906843
spring-projects_spring-boot,daa3d457b71896a758995c264977bdd1414ee4d4,spring-boot-project/spring-boot-test,brittle,org.springframework.boot.test.mock.mockito.ResetMocksTestExecutionListenerTests.test002,91.885999583,2.439718339
spring-projects_spring-boot,daa3d457b71896a758995c264977bdd1414ee4d4,spring-boot-project/spring-boot-test,brittle,org.springframework.boot.test.mock.mockito.ResetMocksTestExecutionListenerTests.test002,116.880566304,4.859580603
spring-projects_spring-boot,daa3d457b71896a758995c264977bdd1414ee4d4,spring-boot-project/spring-boot-test,brittle,org.springframework.boot.test.mock.mockito.ResetMocksTestExecutionListenerTests.test002,116.789499676,4.305142325
spring-projects_spring-boot,daa3d457b71896a758995c264977bdd1414ee4d4,spring-boot-project/spring-boot-test,brittle,org.springframework.boot.test.mock.mockito.ResetMocksTestExecutionListenerTests.test002,117.318466581,7.191106643
spring-projects_spring-boot,daa3d457b71896a758995c264977bdd1414ee4d4,spring-boot-project/spring-boot-test,brittle,org.springframework.boot.test.mock.mockito.ResetMocksTestExecutionListenerTests.test002,130.229400055,8.254763497
spring-projects_spring-boot,daa3d457b71896a758995c264977bdd1414ee4d4,spring-boot-project/spring-boot-test,brittle,org.springframework.boot.test.mock.mockito.ResetMocksTestExecutionListenerTests.test002,116.902299749,4.569645983
spring-projects_spring-boot,daa3d457b71896a758995c264977bdd1414ee4d4,spring-boot-project/spring-boot-test,brittle,org.springframework.boot.test.mock.mockito.ResetMocksTestExecutionListenerTests.test002,90.799532926,1.675825464
hexagonframework_spring-data-ebean,dd11b97654982403b50dd1d5369cadad71fce410,.,brittle,org.springframework.data.ebean.querychannel.EbeanQueryChannelServiceIntegrationTest.applyQueryObject,16.372666170,.849355339
hexagonframework_spring-data-ebean,dd11b97654982403b50dd1d5369cadad71fce410,.,brittle,org.springframework.data.ebean.querychannel.EbeanQueryChannelServiceIntegrationTest.applyQueryObject,16.325999790,.622709708
hexagonframework_spring-data-ebean,dd11b97654982403b50dd1d5369cadad71fce410,.,brittle,org.springframework.data.ebean.querychannel.EbeanQueryChannelServiceIntegrationTest.applyQueryObject,16.043566340,.373142181
hexagonframework_spring-data-ebean,dd11b97654982403b50dd1d5369cadad71fce410,.,brittle,org.springframework.data.ebean.querychannel.EbeanQueryChannelServiceIntegrationTest.applyQueryObject,19.352732950,.570213559
hexagonframework_spring-data-ebean,dd11b97654982403b50dd1d5369cadad71fce410,.,brittle,org.springframework.data.ebean.querychannel.EbeanQueryChannelServiceIntegrationTest.applyQueryObject,19.457732990,.648504934
hexagonframework_spring-data-ebean,dd11b97654982403b50dd1d5369cadad71fce410,.,brittle,org.springframework.data.ebean.querychannel.EbeanQueryChannelServiceIntegrationTest.applyQueryObject,16.144132950,.508936310
hexagonframework_spring-data-ebean,dd11b97654982403b50dd1d5369cadad71fce410,.,brittle,org.springframework.data.ebean.querychannel.EbeanQueryChannelServiceIntegrationTest.applyQueryObject,19.519499490,.627542234
hexagonframework_spring-data-ebean,dd11b97654982403b50dd1d5369cadad71fce410,.,brittle,org.springframework.data.ebean.querychannel.EbeanQueryChannelServiceIntegrationTest.applyQueryObject,9.555033140,.083248568
hexagonframework_spring-data-ebean,dd11b97654982403b50dd1d5369cadad71fce410,.,brittle,org.springframework.data.ebean.querychannel.EbeanQueryChannelServiceIntegrationTest.applyQueryObject,12.770666400,.153381505
hexagonframework_spring-data-ebean,dd11b97654982403b50dd1d5369cadad71fce410,.,brittle,org.springframework.data.ebean.querychannel.EbeanQueryChannelServiceIntegrationTest.applyQueryObject,19.233999620,.407750541
hexagonframework_spring-data-ebean,dd11b97654982403b50dd1d5369cadad71fce410,.,brittle,org.springframework.data.ebean.querychannel.EbeanQueryChannelServiceIntegrationTest.createDtoQuery,16.318999670,.647829799
hexagonframework_spring-data-ebean,dd11b97654982403b50dd1d5369cadad71fce410,.,brittle,org.springframework.data.ebean.querychannel.EbeanQueryChannelServiceIntegrationTest.createDtoQuery,16.104366320,.303545313
hexagonframework_spring-data-ebean,dd11b97654982403b50dd1d5369cadad71fce410,.,brittle,org.springframework.data.ebean.querychannel.EbeanQueryChannelServiceIntegrationTest.createDtoQuery,19.497866170,.631176930
hexagonframework_spring-data-ebean,dd11b97654982403b50dd1d5369cadad71fce410,.,brittle,org.springframework.data.ebean.querychannel.EbeanQueryChannelServiceIntegrationTest.createDtoQuery,13.052933080,.476346121
hexagonframework_spring-data-ebean,dd11b97654982403b50dd1d5369cadad71fce410,.,brittle,org.springframework.data.ebean.querychannel.EbeanQueryChannelServiceIntegrationTest.createDtoQuery,12.989566430,.437504646
hexagonframework_spring-data-ebean,dd11b97654982403b50dd1d5369cadad71fce410,.,brittle,org.springframework.data.ebean.querychannel.EbeanQueryChannelServiceIntegrationTest.createDtoQuery,19.526632800,.563346727
hexagonframework_spring-data-ebean,dd11b97654982403b50dd1d5369cadad71fce410,.,brittle,org.springframework.data.ebean.querychannel.EbeanQueryChannelServiceIntegrationTest.createDtoQuery,19.392932840,.640537050
hexagonframework_spring-data-ebean,dd11b97654982403b50dd1d5369cadad71fce410,.,brittle,org.springframework.data.ebean.querychannel.EbeanQueryChannelServiceIntegrationTest.createDtoQuery,19.531332850,.754978899
hexagonframework_spring-data-ebean,dd11b97654982403b50dd1d5369cadad71fce410,.,brittle,org.springframework.data.ebean.querychannel.EbeanQueryChannelServiceIntegrationTest.createDtoQuery,16.207666310,.599990339
hexagonframework_spring-data-ebean,dd11b97654982403b50dd1d5369cadad71fce410,.,brittle,org.springframework.data.ebean.querychannel.EbeanQueryChannelServiceIntegrationTest.createDtoQuery,16.150466340,.511886387
hexagonframework_spring-data-ebean,dd11b97654982403b50dd1d5369cadad71fce410,.,brittle,org.springframework.data.ebean.querychannel.EbeanQueryChannelServiceIntegrationTest.createNamedDtoQuery,6.374799860,.057681038
hexagonframework_spring-data-ebean,dd11b97654982403b50dd1d5369cadad71fce410,.,brittle,org.springframework.data.ebean.querychannel.EbeanQueryChannelServiceIntegrationTest.createNamedDtoQuery,16.213832940,.561928684
hexagonframework_spring-data-ebean,dd11b97654982403b50dd1d5369cadad71fce410,.,brittle,org.springframework.data.ebean.querychannel.EbeanQueryChannelServiceIntegrationTest.createNamedDtoQuery,12.860966300,.294062257
hexagonframework_spring-data-ebean,dd11b97654982403b50dd1d5369cadad71fce410,.,brittle,org.springframework.data.ebean.querychannel.EbeanQueryChannelServiceIntegrationTest.createNamedDtoQuery,19.397299510,.626763633
hexagonframework_spring-data-ebean,dd11b97654982403b50dd1d5369cadad71fce410,.,brittle,org.springframework.data.ebean.querychannel.EbeanQueryChannelServiceIntegrationTest.createNamedDtoQuery,16.014732930,.335735754
hexagonframework_spring-data-ebean,dd11b97654982403b50dd1d5369cadad71fce410,.,brittle,org.springframework.data.ebean.querychannel.EbeanQueryChannelServiceIntegrationTest.createNamedDtoQuery,16.059566400,.246786366
hexagonframework_spring-data-ebean,dd11b97654982403b50dd1d5369cadad71fce410,.,brittle,org.springframework.data.ebean.querychannel.EbeanQueryChannelServiceIntegrationTest.createNamedDtoQuery,19.404066330,.493994943
hexagonframework_spring-data-ebean,dd11b97654982403b50dd1d5369cadad71fce410,.,brittle,org.springframework.data.ebean.querychannel.EbeanQueryChannelServiceIntegrationTest.createNamedDtoQuery,16.267466290,.451283835
hexagonframework_spring-data-ebean,dd11b97654982403b50dd1d5369cadad71fce410,.,brittle,org.springframework.data.ebean.querychannel.EbeanQueryChannelServiceIntegrationTest.createNamedDtoQuery,19.322532940,.554070721
hexagonframework_spring-data-ebean,dd11b97654982403b50dd1d5369cadad71fce410,.,brittle,org.springframework.data.ebean.querychannel.EbeanQueryChannelServiceIntegrationTest.createNamedDtoQuery,12.895866390,.212088878
hexagonframework_spring-data-ebean,dd11b97654982403b50dd1d5369cadad71fce410,.,brittle,org.springframework.data.ebean.querychannel.EbeanQueryChannelServiceIntegrationTest.createNamedQueryWhere,12.814333090,.171535847
hexagonframework_spring-data-ebean,dd11b97654982403b50dd1d5369cadad71fce410,.,brittle,org.springframework.data.ebean.querychannel.EbeanQueryChannelServiceIntegrationTest.createNamedQueryWhere,16.042032940,.319709243
hexagonframework_spring-data-ebean,dd11b97654982403b50dd1d5369cadad71fce410,.,brittle,org.springframework.data.ebean.querychannel.EbeanQueryChannelServiceIntegrationTest.createNamedQueryWhere,16.054633040,.352809905
hexagonframework_spring-data-ebean,dd11b97654982403b50dd1d5369cadad71fce410,.,brittle,org.springframework.data.ebean.querychannel.EbeanQueryChannelServiceIntegrationTest.createNamedQueryWhere,19.391799560,.614417386
hexagonframework_spring-data-ebean,dd11b97654982403b50dd1d5369cadad71fce410,.,brittle,org.springframework.data.ebean.querychannel.EbeanQueryChannelServiceIntegrationTest.createNamedQueryWhere,16.308832960,.606476236
hexagonframework_spring-data-ebean,dd11b97654982403b50dd1d5369cadad71fce410,.,brittle,org.springframework.data.ebean.querychannel.EbeanQueryChannelServiceIntegrationTest.createNamedQueryWhere,19.349266240,.408545464
hexagonframework_spring-data-ebean,dd11b97654982403b50dd1d5369cadad71fce410,.,brittle,org.springframework.data.ebean.querychannel.EbeanQueryChannelServiceIntegrationTest.createNamedQueryWhere,19.536566320,.756378597
hexagonframework_spring-data-ebean,dd11b97654982403b50dd1d5369cadad71fce410,.,brittle,org.springframework.data.ebean.querychannel.EbeanQueryChannelServiceIntegrationTest.createNamedQueryWhere,19.453366180,.689511646
hexagonframework_spring-data-ebean,dd11b97654982403b50dd1d5369cadad71fce410,.,brittle,org.springframework.data.ebean.querychannel.EbeanQueryChannelServiceIntegrationTest.createNamedQueryWhere,16.054232950,.353737921
hexagonframework_spring-data-ebean,dd11b97654982403b50dd1d5369cadad71fce410,.,brittle,org.springframework.data.ebean.querychannel.EbeanQueryChannelServiceIntegrationTest.createNamedQueryWhere,16.218332940,.533395994
wikidata_wikidata-toolkit,20de6f7f12319f54eb962ff6e8357b3f5695d54d,wdtk-dumpfiles,brittle,org.wikidata.wdtk.dumpfiles.MwDumpFileProcessingTest.testMwDailyDumpFileProcessing,4.400032125,.092686313
wikidata_wikidata-toolkit,20de6f7f12319f54eb962ff6e8357b3f5695d54d,wdtk-dumpfiles,brittle,org.wikidata.wdtk.dumpfiles.MwDumpFileProcessingTest.testMwDailyDumpFileProcessing,7.574364592,.411310734
wikidata_wikidata-toolkit,20de6f7f12319f54eb962ff6e8357b3f5695d54d,wdtk-dumpfiles,brittle,org.wikidata.wdtk.dumpfiles.MwDumpFileProcessingTest.testMwDailyDumpFileProcessing,4.459165499,.129355186
wikidata_wikidata-toolkit,20de6f7f12319f54eb962ff6e8357b3f5695d54d,wdtk-dumpfiles,brittle,org.wikidata.wdtk.dumpfiles.MwDumpFileProcessingTest.testMwDailyDumpFileProcessing,14.348698400,.117455808
wikidata_wikidata-toolkit,20de6f7f12319f54eb962ff6e8357b3f5695d54d,wdtk-dumpfiles,brittle,org.wikidata.wdtk.dumpfiles.MwDumpFileProcessingTest.testMwDailyDumpFileProcessing,6.001898329,.200262182
wikidata_wikidata-toolkit,20de6f7f12319f54eb962ff6e8357b3f5695d54d,wdtk-dumpfiles,brittle,org.wikidata.wdtk.dumpfiles.MwDumpFileProcessingTest.testMwDailyDumpFileProcessing,9.596364662,.410909772
wikidata_wikidata-toolkit,20de6f7f12319f54eb962ff6e8357b3f5695d54d,wdtk-dumpfiles,brittle,org.wikidata.wdtk.dumpfiles.MwDumpFileProcessingTest.testMwDailyDumpFileProcessing,7.598597819,.402500893
wikidata_wikidata-toolkit,20de6f7f12319f54eb962ff6e8357b3f5695d54d,wdtk-dumpfiles,brittle,org.wikidata.wdtk.dumpfiles.MwDumpFileProcessingTest.testMwDailyDumpFileProcessing,13.990998018,.436607694
wikidata_wikidata-toolkit,20de6f7f12319f54eb962ff6e8357b3f5695d54d,wdtk-dumpfiles,brittle,org.wikidata.wdtk.dumpfiles.MwDumpFileProcessingTest.testMwDailyDumpFileProcessing,11.002430890,.452339244
wikidata_wikidata-toolkit,20de6f7f12319f54eb962ff6e8357b3f5695d54d,wdtk-dumpfiles,brittle,org.wikidata.wdtk.dumpfiles.MwDumpFileProcessingTest.testMwDailyDumpFileProcessing,9.006264241,.452111582
wikidata_wikidata-toolkit,20de6f7f12319f54eb962ff6e8357b3f5695d54d,wdtk-dumpfiles,brittle,org.wikidata.wdtk.dumpfiles.MwDumpFileProcessingTest.testMwMostRecentFullDumpFileProcessing,6.923232920,.322380203
wikidata_wikidata-toolkit,20de6f7f12319f54eb962ff6e8357b3f5695d54d,wdtk-dumpfiles,brittle,org.wikidata.wdtk.dumpfiles.MwDumpFileProcessingTest.testMwMostRecentFullDumpFileProcessing,6.756432997,.292221425
wikidata_wikidata-toolkit,20de6f7f12319f54eb962ff6e8357b3f5695d54d,wdtk-dumpfiles,brittle,org.wikidata.wdtk.dumpfiles.MwDumpFileProcessingTest.testMwMostRecentFullDumpFileProcessing,4.235033090,.101625653
wikidata_wikidata-toolkit,20de6f7f12319f54eb962ff6e8357b3f5695d54d,wdtk-dumpfiles,brittle,org.wikidata.wdtk.dumpfiles.MwDumpFileProcessingTest.testMwMostRecentFullDumpFileProcessing,2.671699867,.042273100
wikidata_wikidata-toolkit,20de6f7f12319f54eb962ff6e8357b3f5695d54d,wdtk-dumpfiles,brittle,org.wikidata.wdtk.dumpfiles.MwDumpFileProcessingTest.testMwMostRecentFullDumpFileProcessing,5.511166441,.279923295
wikidata_wikidata-toolkit,20de6f7f12319f54eb962ff6e8357b3f5695d54d,wdtk-dumpfiles,brittle,org.wikidata.wdtk.dumpfiles.MwDumpFileProcessingTest.testMwMostRecentFullDumpFileProcessing,8.458099250,.411899791
wikidata_wikidata-toolkit,20de6f7f12319f54eb962ff6e8357b3f5695d54d,wdtk-dumpfiles,brittle,org.wikidata.wdtk.dumpfiles.MwDumpFileProcessingTest.testMwMostRecentFullDumpFileProcessing,4.029533057,.099892058
wikidata_wikidata-toolkit,20de6f7f12319f54eb962ff6e8357b3f5695d54d,wdtk-dumpfiles,brittle,org.wikidata.wdtk.dumpfiles.MwDumpFileProcessingTest.testMwMostRecentFullDumpFileProcessing,2.787866593,.058120551
wikidata_wikidata-toolkit,20de6f7f12319f54eb962ff6e8357b3f5695d54d,wdtk-dumpfiles,brittle,org.wikidata.wdtk.dumpfiles.MwDumpFileProcessingTest.testMwMostRecentFullDumpFileProcessing,9.332998521,.227251502
wikidata_wikidata-toolkit,20de6f7f12319f54eb962ff6e8357b3f5695d54d,wdtk-dumpfiles,brittle,org.wikidata.wdtk.dumpfiles.MwDumpFileProcessingTest.testMwMostRecentFullDumpFileProcessing,11.329365687,.399981213
wikidata_wikidata-toolkit,20de6f7f12319f54eb962ff6e8357b3f5695d54d,wdtk-dumpfiles,brittle,org.wikidata.wdtk.dumpfiles.MwDumpFileProcessingTest.testMwRecentCurrentDumpFileProcessing,4.087699801,.074323741
wikidata_wikidata-toolkit,20de6f7f12319f54eb962ff6e8357b3f5695d54d,wdtk-dumpfiles,brittle,org.wikidata.wdtk.dumpfiles.MwDumpFileProcessingTest.testMwRecentCurrentDumpFileProcessing,4.076999806,.101003938
wikidata_wikidata-toolkit,20de6f7f12319f54eb962ff6e8357b3f5695d54d,wdtk-dumpfiles,brittle,org.wikidata.wdtk.dumpfiles.MwDumpFileProcessingTest.testMwRecentCurrentDumpFileProcessing,5.484133071,.209167049
wikidata_wikidata-toolkit,20de6f7f12319f54eb962ff6e8357b3f5695d54d,wdtk-dumpfiles,brittle,org.wikidata.wdtk.dumpfiles.MwDumpFileProcessingTest.testMwRecentCurrentDumpFileProcessing,12.234198747,.252727638
wikidata_wikidata-toolkit,20de6f7f12319f54eb962ff6e8357b3f5695d54d,wdtk-dumpfiles,brittle,org.wikidata.wdtk.dumpfiles.MwDumpFileProcessingTest.testMwRecentCurrentDumpFileProcessing,2.905699533,.055653876
wikidata_wikidata-toolkit,20de6f7f12319f54eb962ff6e8357b3f5695d54d,wdtk-dumpfiles,brittle,org.wikidata.wdtk.dumpfiles.MwDumpFileProcessingTest.testMwRecentCurrentDumpFileProcessing,2.710166533,.055148355
wikidata_wikidata-toolkit,20de6f7f12319f54eb962ff6e8357b3f5695d54d,wdtk-dumpfiles,brittle,org.wikidata.wdtk.dumpfiles.MwDumpFileProcessingTest.testMwRecentCurrentDumpFileProcessing,13.931099704,.213090014
wikidata_wikidata-toolkit,20de6f7f12319f54eb962ff6e8357b3f5695d54d,wdtk-dumpfiles,brittle,org.wikidata.wdtk.dumpfiles.MwDumpFileProcessingTest.testMwRecentCurrentDumpFileProcessing,9.956532398,.278294956
wikidata_wikidata-toolkit,20de6f7f12319f54eb962ff6e8357b3f5695d54d,wdtk-dumpfiles,brittle,org.wikidata.wdtk.dumpfiles.MwDumpFileProcessingTest.testMwRecentCurrentDumpFileProcessing,11.103299673,.477146204
wikidata_wikidata-toolkit,20de6f7f12319f54eb962ff6e8357b3f5695d54d,wdtk-dumpfiles,brittle,org.wikidata.wdtk.dumpfiles.MwDumpFileProcessingTest.testMwRecentCurrentDumpFileProcessing,4.334099133,.123374857
