alibaba_fastjson,5c6d6fd471ea1fab59f0df2dd31e0b936806780d,.,brittle,com.alibaba.json.bvt.parser.DefaultExtJSONParser_parseArray.test_7,88.648102191,53.720299237
alibaba_fastjson,5c6d6fd471ea1fab59f0df2dd31e0b936806780d,.,brittle,com.alibaba.json.bvt.parser.DefaultExtJSONParser_parseArray.test_7,103.291899091,56.892285732
alibaba_fastjson,5c6d6fd471ea1fab59f0df2dd31e0b936806780d,.,brittle,com.alibaba.json.bvt.parser.DefaultExtJSONParser_parseArray.test_7,152.311456607,232.579564242
alibaba_fastjson,5c6d6fd471ea1fab59f0df2dd31e0b936806780d,.,brittle,com.alibaba.json.bvt.parser.DefaultExtJSONParser_parseArray.test_7,143.632116496,91.557064618
alibaba_fastjson,5c6d6fd471ea1fab59f0df2dd31e0b936806780d,.,brittle,com.alibaba.json.bvt.parser.DefaultExtJSONParser_parseArray.test_7,135.216433499,149.623978931
alibaba_fastjson,5c6d6fd471ea1fab59f0df2dd31e0b936806780d,.,brittle,com.alibaba.json.bvt.parser.DefaultExtJSONParser_parseArray.test_7,162.306619433,163.800094402
alibaba_fastjson,5c6d6fd471ea1fab59f0df2dd31e0b936806780d,.,brittle,com.alibaba.json.bvt.parser.DefaultExtJSONParser_parseArray.test_7,166.808795278,137.913159072
alibaba_fastjson,5c6d6fd471ea1fab59f0df2dd31e0b936806780d,.,brittle,com.alibaba.json.bvt.parser.DefaultExtJSONParser_parseArray.test_7,95.643866483,34.816757768
alibaba_fastjson,5c6d6fd471ea1fab59f0df2dd31e0b936806780d,.,brittle,com.alibaba.json.bvt.parser.DefaultExtJSONParser_parseArray.test_7,98.671234999,57.699804254
alibaba_fastjson,5c6d6fd471ea1fab59f0df2dd31e0b936806780d,.,brittle,com.alibaba.json.bvt.parser.DefaultExtJSONParser_parseArray.test_7,167.747099282,171.603970680
alibaba_fastjson,5c6d6fd471ea1fab59f0df2dd31e0b936806780d,.,brittle,com.alibaba.json.bvt.parser.DefaultExtJSONParser_parseArray.test_8,171.673390131,197.013718054
alibaba_fastjson,5c6d6fd471ea1fab59f0df2dd31e0b936806780d,.,brittle,com.alibaba.json.bvt.parser.DefaultExtJSONParser_parseArray.test_8,127.341411080,85.033889637
alibaba_fastjson,5c6d6fd471ea1fab59f0df2dd31e0b936806780d,.,brittle,com.alibaba.json.bvt.parser.DefaultExtJSONParser_parseArray.test_8,157.577596993,165.476980882
alibaba_fastjson,5c6d6fd471ea1fab59f0df2dd31e0b936806780d,.,brittle,com.alibaba.json.bvt.parser.DefaultExtJSONParser_parseArray.test_8,188.464517528,203.325489114
alibaba_fastjson,5c6d6fd471ea1fab59f0df2dd31e0b936806780d,.,brittle,com.alibaba.json.bvt.parser.DefaultExtJSONParser_parseArray.test_8,176.342846199,187.288646425
alibaba_fastjson,5c6d6fd471ea1fab59f0df2dd31e0b936806780d,.,brittle,com.alibaba.json.bvt.parser.DefaultExtJSONParser_parseArray.test_8,137.402384095,148.876752393
alibaba_fastjson,5c6d6fd471ea1fab59f0df2dd31e0b936806780d,.,brittle,com.alibaba.json.bvt.parser.DefaultExtJSONParser_parseArray.test_8,131.700230395,62.257421535
alibaba_fastjson,5c6d6fd471ea1fab59f0df2dd31e0b936806780d,.,brittle,com.alibaba.json.bvt.parser.DefaultExtJSONParser_parseArray.test_8,94.681366023,14.008005998
alibaba_fastjson,5c6d6fd471ea1fab59f0df2dd31e0b936806780d,.,brittle,com.alibaba.json.bvt.parser.DefaultExtJSONParser_parseArray.test_8,142.015485714,111.464419645
alibaba_fastjson,5c6d6fd471ea1fab59f0df2dd31e0b936806780d,.,brittle,com.alibaba.json.bvt.parser.DefaultExtJSONParser_parseArray.test_8,161.783340808,221.986538065
vmware_admiral,e4b02936cc7d4ff2714e7231db0c4373ba5d48a2,compute,brittle,com.vmware.admiral.compute.container.GroupResourcePlacementServiceTest.testMemoryPlacementReservationRequest,151.913215027,20.958054693
vmware_admiral,e4b02936cc7d4ff2714e7231db0c4373ba5d48a2,compute,brittle,com.vmware.admiral.compute.container.GroupResourcePlacementServiceTest.testMemoryPlacementReservationRequest,55.599042289,8.696276530
vmware_admiral,e4b02936cc7d4ff2714e7231db0c4373ba5d48a2,compute,brittle,com.vmware.admiral.compute.container.GroupResourcePlacementServiceTest.testMemoryPlacementReservationRequest,155.916970877,20.916535679
vmware_admiral,e4b02936cc7d4ff2714e7231db0c4373ba5d48a2,compute,brittle,com.vmware.admiral.compute.container.GroupResourcePlacementServiceTest.testMemoryPlacementReservationRequest,72.390062524,13.741119711
vmware_admiral,e4b02936cc7d4ff2714e7231db0c4373ba5d48a2,compute,brittle,com.vmware.admiral.compute.container.GroupResourcePlacementServiceTest.testMemoryPlacementReservationRequest,195.803696915,26.204063411
vmware_admiral,e4b02936cc7d4ff2714e7231db0c4373ba5d48a2,compute,brittle,com.vmware.admiral.compute.container.GroupResourcePlacementServiceTest.testMemoryPlacementReservationRequest,48.430435332,8.202519534
vmware_admiral,e4b02936cc7d4ff2714e7231db0c4373ba5d48a2,compute,brittle,com.vmware.admiral.compute.container.GroupResourcePlacementServiceTest.testMemoryPlacementReservationRequest,171.609952873,20.772013352
vmware_admiral,e4b02936cc7d4ff2714e7231db0c4373ba5d48a2,compute,brittle,com.vmware.admiral.compute.container.GroupResourcePlacementServiceTest.testMemoryPlacementReservationRequest,36.391163700,5.994613107
vmware_admiral,e4b02936cc7d4ff2714e7231db0c4373ba5d48a2,compute,brittle,com.vmware.admiral.compute.container.GroupResourcePlacementServiceTest.testMemoryPlacementReservationRequest,72.396418725,9.994794670
vmware_admiral,e4b02936cc7d4ff2714e7231db0c4373ba5d48a2,compute,brittle,com.vmware.admiral.compute.container.GroupResourcePlacementServiceTest.testMemoryPlacementReservationRequest,137.164761933,17.518668913
doanduyhai_Achilles,e3099bdce342910951c4862c78751fd81ed4552e,integration-test-2_1,brittle,info.archinnov.achilles.it.TestCRUDSimpleEntity.should_insert_with_insert_strategy_non_null_fields,28.047115900,16.573363295
doanduyhai_Achilles,e3099bdce342910951c4862c78751fd81ed4552e,integration-test-2_1,brittle,info.archinnov.achilles.it.TestCRUDSimpleEntity.should_insert_with_insert_strategy_non_null_fields,16.777601000,13.007298913
doanduyhai_Achilles,e3099bdce342910951c4862c78751fd81ed4552e,integration-test-2_1,brittle,info.archinnov.achilles.it.TestCRUDSimpleEntity.should_insert_with_insert_strategy_non_null_fields,21.544694000,13.967773180
doanduyhai_Achilles,e3099bdce342910951c4862c78751fd81ed4552e,integration-test-2_1,brittle,info.archinnov.achilles.it.TestCRUDSimpleEntity.should_insert_with_insert_strategy_non_null_fields,27.142498600,15.213962687
doanduyhai_Achilles,e3099bdce342910951c4862c78751fd81ed4552e,integration-test-2_1,brittle,info.archinnov.achilles.it.TestCRUDSimpleEntity.should_insert_with_insert_strategy_non_null_fields,18.221139730,11.663998980
doanduyhai_Achilles,e3099bdce342910951c4862c78751fd81ed4552e,integration-test-2_1,brittle,info.archinnov.achilles.it.TestCRUDSimpleEntity.should_insert_with_insert_strategy_non_null_fields,13.331508600,9.896089243
doanduyhai_Achilles,e3099bdce342910951c4862c78751fd81ed4552e,integration-test-2_1,brittle,info.archinnov.achilles.it.TestCRUDSimpleEntity.should_insert_with_insert_strategy_non_null_fields,16.505933300,10.622110853
doanduyhai_Achilles,e3099bdce342910951c4862c78751fd81ed4552e,integration-test-2_1,brittle,info.archinnov.achilles.it.TestCRUDSimpleEntity.should_insert_with_insert_strategy_non_null_fields,22.099534900,13.011590542
doanduyhai_Achilles,e3099bdce342910951c4862c78751fd81ed4552e,integration-test-2_1,brittle,info.archinnov.achilles.it.TestCRUDSimpleEntity.should_insert_with_insert_strategy_non_null_fields,25.343979000,15.424271629
doanduyhai_Achilles,e3099bdce342910951c4862c78751fd81ed4552e,integration-test-2_1,brittle,info.archinnov.achilles.it.TestCRUDSimpleEntity.should_insert_with_insert_strategy_non_null_fields,2.401167100,4.629890588
fhoeben_hsac-fitnesse-fixtures,a64c18d9c4bac8271275c7b089d40be20f0604b5,.,brittle,nl.hsac.fitnesse.fixture.slim.FileFixtureTest.testDelete,48.187734389,17.861745825
fhoeben_hsac-fitnesse-fixtures,a64c18d9c4bac8271275c7b089d40be20f0604b5,.,brittle,nl.hsac.fitnesse.fixture.slim.FileFixtureTest.testDelete,48.058903569,14.430969616
fhoeben_hsac-fitnesse-fixtures,a64c18d9c4bac8271275c7b089d40be20f0604b5,.,brittle,nl.hsac.fitnesse.fixture.slim.FileFixtureTest.testDelete,59.002338510,21.570197801
fhoeben_hsac-fitnesse-fixtures,a64c18d9c4bac8271275c7b089d40be20f0604b5,.,brittle,nl.hsac.fitnesse.fixture.slim.FileFixtureTest.testDelete,43.266666770,13.164443756
fhoeben_hsac-fitnesse-fixtures,a64c18d9c4bac8271275c7b089d40be20f0604b5,.,brittle,nl.hsac.fitnesse.fixture.slim.FileFixtureTest.testDelete,43.082005550,15.614422357
fhoeben_hsac-fitnesse-fixtures,a64c18d9c4bac8271275c7b089d40be20f0604b5,.,brittle,nl.hsac.fitnesse.fixture.slim.FileFixtureTest.testDelete,34.047666646,8.937721440
fhoeben_hsac-fitnesse-fixtures,a64c18d9c4bac8271275c7b089d40be20f0604b5,.,brittle,nl.hsac.fitnesse.fixture.slim.FileFixtureTest.testDelete,45.356702494,15.440982545
fhoeben_hsac-fitnesse-fixtures,a64c18d9c4bac8271275c7b089d40be20f0604b5,.,brittle,nl.hsac.fitnesse.fixture.slim.FileFixtureTest.testDelete,44.119070337,11.774688055
fhoeben_hsac-fitnesse-fixtures,a64c18d9c4bac8271275c7b089d40be20f0604b5,.,brittle,nl.hsac.fitnesse.fixture.slim.FileFixtureTest.testDelete,39.747834806,15.641984047
fhoeben_hsac-fitnesse-fixtures,a64c18d9c4bac8271275c7b089d40be20f0604b5,.,brittle,nl.hsac.fitnesse.fixture.slim.FileFixtureTest.testDelete,42.617800792,11.771836753
Activiti_Activiti,b11f757a48600e53aaf3fcb7a3ba1ece6c463cb4,activiti-spring-boot-starter,brittle,org.activiti.spring.boot.tasks.TaskRuntimeClaimReleaseTest.bClaimAndRelease,44.534833190,5.783295203
Activiti_Activiti,b11f757a48600e53aaf3fcb7a3ba1ece6c463cb4,activiti-spring-boot-starter,brittle,org.activiti.spring.boot.tasks.TaskRuntimeClaimReleaseTest.bClaimAndRelease,50.092699873,6.817282486
Activiti_Activiti,b11f757a48600e53aaf3fcb7a3ba1ece6c463cb4,activiti-spring-boot-starter,brittle,org.activiti.spring.boot.tasks.TaskRuntimeClaimReleaseTest.bClaimAndRelease,44.824200110,5.737541185
Activiti_Activiti,b11f757a48600e53aaf3fcb7a3ba1ece6c463cb4,activiti-spring-boot-starter,brittle,org.activiti.spring.boot.tasks.TaskRuntimeClaimReleaseTest.bClaimAndRelease,38.862133320,4.372284212
Activiti_Activiti,b11f757a48600e53aaf3fcb7a3ba1ece6c463cb4,activiti-spring-boot-starter,brittle,org.activiti.spring.boot.tasks.TaskRuntimeClaimReleaseTest.bClaimAndRelease,33.254233350,4.439386435
Activiti_Activiti,b11f757a48600e53aaf3fcb7a3ba1ece6c463cb4,activiti-spring-boot-starter,brittle,org.activiti.spring.boot.tasks.TaskRuntimeClaimReleaseTest.bClaimAndRelease,50.103366480,6.020839872
Activiti_Activiti,b11f757a48600e53aaf3fcb7a3ba1ece6c463cb4,activiti-spring-boot-starter,brittle,org.activiti.spring.boot.tasks.TaskRuntimeClaimReleaseTest.bClaimAndRelease,44.880533272,6.057875644
Activiti_Activiti,b11f757a48600e53aaf3fcb7a3ba1ece6c463cb4,activiti-spring-boot-starter,brittle,org.activiti.spring.boot.tasks.TaskRuntimeClaimReleaseTest.bClaimAndRelease,44.353599953,5.650345237
Activiti_Activiti,b11f757a48600e53aaf3fcb7a3ba1ece6c463cb4,activiti-spring-boot-starter,brittle,org.activiti.spring.boot.tasks.TaskRuntimeClaimReleaseTest.bClaimAndRelease,22.207766520,3.205386972
Activiti_Activiti,b11f757a48600e53aaf3fcb7a3ba1ece6c463cb4,activiti-spring-boot-starter,brittle,org.activiti.spring.boot.tasks.TaskRuntimeClaimReleaseTest.bClaimAndRelease,44.656999939,6.050862818
Activiti_Activiti,b11f757a48600e53aaf3fcb7a3ba1ece6c463cb4,activiti-spring-boot-starter,brittle,org.activiti.spring.boot.tasks.TaskRuntimeClaimReleaseTest.eCreateStandaloneTaskAndClaimAndReleaseUnAuthorized,44.621466489,6.704308268
Activiti_Activiti,b11f757a48600e53aaf3fcb7a3ba1ece6c463cb4,activiti-spring-boot-starter,brittle,org.activiti.spring.boot.tasks.TaskRuntimeClaimReleaseTest.eCreateStandaloneTaskAndClaimAndReleaseUnAuthorized,49.968633352,5.731440697
Activiti_Activiti,b11f757a48600e53aaf3fcb7a3ba1ece6c463cb4,activiti-spring-boot-starter,brittle,org.activiti.spring.boot.tasks.TaskRuntimeClaimReleaseTest.eCreateStandaloneTaskAndClaimAndReleaseUnAuthorized,38.715566610,4.377876466
Activiti_Activiti,b11f757a48600e53aaf3fcb7a3ba1ece6c463cb4,activiti-spring-boot-starter,brittle,org.activiti.spring.boot.tasks.TaskRuntimeClaimReleaseTest.eCreateStandaloneTaskAndClaimAndReleaseUnAuthorized,44.670466373,5.865250129
Activiti_Activiti,b11f757a48600e53aaf3fcb7a3ba1ece6c463cb4,activiti-spring-boot-starter,brittle,org.activiti.spring.boot.tasks.TaskRuntimeClaimReleaseTest.eCreateStandaloneTaskAndClaimAndReleaseUnAuthorized,38.814033360,5.567846365
Activiti_Activiti,b11f757a48600e53aaf3fcb7a3ba1ece6c463cb4,activiti-spring-boot-starter,brittle,org.activiti.spring.boot.tasks.TaskRuntimeClaimReleaseTest.eCreateStandaloneTaskAndClaimAndReleaseUnAuthorized,44.645366530,4.482462610
Activiti_Activiti,b11f757a48600e53aaf3fcb7a3ba1ece6c463cb4,activiti-spring-boot-starter,brittle,org.activiti.spring.boot.tasks.TaskRuntimeClaimReleaseTest.eCreateStandaloneTaskAndClaimAndReleaseUnAuthorized,38.908133090,4.531933775
Activiti_Activiti,b11f757a48600e53aaf3fcb7a3ba1ece6c463cb4,activiti-spring-boot-starter,brittle,org.activiti.spring.boot.tasks.TaskRuntimeClaimReleaseTest.eCreateStandaloneTaskAndClaimAndReleaseUnAuthorized,39.102333180,5.535366409
Activiti_Activiti,b11f757a48600e53aaf3fcb7a3ba1ece6c463cb4,activiti-spring-boot-starter,brittle,org.activiti.spring.boot.tasks.TaskRuntimeClaimReleaseTest.eCreateStandaloneTaskAndClaimAndReleaseUnAuthorized,50.351466509,5.865579223
Activiti_Activiti,b11f757a48600e53aaf3fcb7a3ba1ece6c463cb4,activiti-spring-boot-starter,brittle,org.activiti.spring.boot.tasks.TaskRuntimeClaimReleaseTest.eCreateStandaloneTaskAndClaimAndReleaseUnAuthorized,49.937466632,5.767646847
Activiti_Activiti,b11f757a48600e53aaf3fcb7a3ba1ece6c463cb4,activiti-spring-boot-starter,brittle,org.activiti.spring.boot.tasks.TaskRuntimeDeleteTaskTest.dClaimTaskCreatedForGroup,50.297199990,5.628375035
Activiti_Activiti,b11f757a48600e53aaf3fcb7a3ba1ece6c463cb4,activiti-spring-boot-starter,brittle,org.activiti.spring.boot.tasks.TaskRuntimeDeleteTaskTest.dClaimTaskCreatedForGroup,38.809133220,5.468032328
Activiti_Activiti,b11f757a48600e53aaf3fcb7a3ba1ece6c463cb4,activiti-spring-boot-starter,brittle,org.activiti.spring.boot.tasks.TaskRuntimeDeleteTaskTest.dClaimTaskCreatedForGroup,55.686866640,6.143413915
Activiti_Activiti,b11f757a48600e53aaf3fcb7a3ba1ece6c463cb4,activiti-spring-boot-starter,brittle,org.activiti.spring.boot.tasks.TaskRuntimeDeleteTaskTest.dClaimTaskCreatedForGroup,38.821133160,4.441019222
Activiti_Activiti,b11f757a48600e53aaf3fcb7a3ba1ece6c463cb4,activiti-spring-boot-starter,brittle,org.activiti.spring.boot.tasks.TaskRuntimeDeleteTaskTest.dClaimTaskCreatedForGroup,66.710766420,7.064322676
Activiti_Activiti,b11f757a48600e53aaf3fcb7a3ba1ece6c463cb4,activiti-spring-boot-starter,brittle,org.activiti.spring.boot.tasks.TaskRuntimeDeleteTaskTest.dClaimTaskCreatedForGroup,33.463099940,4.586952141
Activiti_Activiti,b11f757a48600e53aaf3fcb7a3ba1ece6c463cb4,activiti-spring-boot-starter,brittle,org.activiti.spring.boot.tasks.TaskRuntimeDeleteTaskTest.dClaimTaskCreatedForGroup,61.103133410,5.828510237
Activiti_Activiti,b11f757a48600e53aaf3fcb7a3ba1ece6c463cb4,activiti-spring-boot-starter,brittle,org.activiti.spring.boot.tasks.TaskRuntimeDeleteTaskTest.dClaimTaskCreatedForGroup,50.244900150,5.567868082
Activiti_Activiti,b11f757a48600e53aaf3fcb7a3ba1ece6c463cb4,activiti-spring-boot-starter,brittle,org.activiti.spring.boot.tasks.TaskRuntimeDeleteTaskTest.dClaimTaskCreatedForGroup,38.904266630,5.578767042
Activiti_Activiti,b11f757a48600e53aaf3fcb7a3ba1ece6c463cb4,activiti-spring-boot-starter,brittle,org.activiti.spring.boot.tasks.TaskRuntimeDeleteTaskTest.dClaimTaskCreatedForGroup,61.434333355,7.411010159
Activiti_Activiti,b11f757a48600e53aaf3fcb7a3ba1ece6c463cb4,activiti-spring-boot-starter,brittle,org.activiti.spring.boot.tasks.TaskRuntimeTaskAssigneeTest.bCreateCheckTaskCreatedForSalaboyFromAnotherUser,39.115800050,5.446048773
Activiti_Activiti,b11f757a48600e53aaf3fcb7a3ba1ece6c463cb4,activiti-spring-boot-starter,brittle,org.activiti.spring.boot.tasks.TaskRuntimeTaskAssigneeTest.bCreateCheckTaskCreatedForSalaboyFromAnotherUser,44.704233333,7.217136834
Activiti_Activiti,b11f757a48600e53aaf3fcb7a3ba1ece6c463cb4,activiti-spring-boot-starter,brittle,org.activiti.spring.boot.tasks.TaskRuntimeTaskAssigneeTest.bCreateCheckTaskCreatedForSalaboyFromAnotherUser,50.152833356,5.537280882
Activiti_Activiti,b11f757a48600e53aaf3fcb7a3ba1ece6c463cb4,activiti-spring-boot-starter,brittle,org.activiti.spring.boot.tasks.TaskRuntimeTaskAssigneeTest.bCreateCheckTaskCreatedForSalaboyFromAnotherUser,22.192166640,3.169565509
Activiti_Activiti,b11f757a48600e53aaf3fcb7a3ba1ece6c463cb4,activiti-spring-boot-starter,brittle,org.activiti.spring.boot.tasks.TaskRuntimeTaskAssigneeTest.bCreateCheckTaskCreatedForSalaboyFromAnotherUser,55.930233409,7.454447451
Activiti_Activiti,b11f757a48600e53aaf3fcb7a3ba1ece6c463cb4,activiti-spring-boot-starter,brittle,org.activiti.spring.boot.tasks.TaskRuntimeTaskAssigneeTest.bCreateCheckTaskCreatedForSalaboyFromAnotherUser,38.984366730,5.494129726
Activiti_Activiti,b11f757a48600e53aaf3fcb7a3ba1ece6c463cb4,activiti-spring-boot-starter,brittle,org.activiti.spring.boot.tasks.TaskRuntimeTaskAssigneeTest.bCreateCheckTaskCreatedForSalaboyFromAnotherUser,39.242866533,5.887899022
Activiti_Activiti,b11f757a48600e53aaf3fcb7a3ba1ece6c463cb4,activiti-spring-boot-starter,brittle,org.activiti.spring.boot.tasks.TaskRuntimeTaskAssigneeTest.bCreateCheckTaskCreatedForSalaboyFromAnotherUser,44.559833479,5.893169289
Activiti_Activiti,b11f757a48600e53aaf3fcb7a3ba1ece6c463cb4,activiti-spring-boot-starter,brittle,org.activiti.spring.boot.tasks.TaskRuntimeTaskAssigneeTest.bCreateCheckTaskCreatedForSalaboyFromAnotherUser,27.704866670,4.259269382
Activiti_Activiti,b11f757a48600e53aaf3fcb7a3ba1ece6c463cb4,activiti-spring-boot-starter,brittle,org.activiti.spring.boot.tasks.TaskRuntimeTaskAssigneeTest.bCreateCheckTaskCreatedForSalaboyFromAnotherUser,50.425800013,6.148973292
apache_incubator-dubbo,737f7a7ea67832d7f17517326fb2491d0a086dd7,dubbo-rpc/dubbo-rpc-dubbo,brittle,org.apache.dubbo.rpc.protocol.dubbo.DubboProtocolTest.testDubboProtocolWithMina,353.122306039,6.841584390
apache_incubator-dubbo,737f7a7ea67832d7f17517326fb2491d0a086dd7,dubbo-rpc/dubbo-rpc-dubbo,brittle,org.apache.dubbo.rpc.protocol.dubbo.DubboProtocolTest.testDubboProtocolWithMina,212.203736844,4.278607660
apache_incubator-dubbo,737f7a7ea67832d7f17517326fb2491d0a086dd7,dubbo-rpc/dubbo-rpc-dubbo,brittle,org.apache.dubbo.rpc.protocol.dubbo.DubboProtocolTest.testDubboProtocolWithMina,214.563510536,4.404028247
apache_incubator-dubbo,737f7a7ea67832d7f17517326fb2491d0a086dd7,dubbo-rpc/dubbo-rpc-dubbo,brittle,org.apache.dubbo.rpc.protocol.dubbo.DubboProtocolTest.testDubboProtocolWithMina,455.053737326,5.891524536
apache_incubator-dubbo,737f7a7ea67832d7f17517326fb2491d0a086dd7,dubbo-rpc/dubbo-rpc-dubbo,brittle,org.apache.dubbo.rpc.protocol.dubbo.DubboProtocolTest.testDubboProtocolWithMina,287.022510054,5.997656108
apache_incubator-dubbo,737f7a7ea67832d7f17517326fb2491d0a086dd7,dubbo-rpc/dubbo-rpc-dubbo,brittle,org.apache.dubbo.rpc.protocol.dubbo.DubboProtocolTest.testDubboProtocolWithMina,265.808816962,4.388320039
apache_incubator-dubbo,737f7a7ea67832d7f17517326fb2491d0a086dd7,dubbo-rpc/dubbo-rpc-dubbo,brittle,org.apache.dubbo.rpc.protocol.dubbo.DubboProtocolTest.testDubboProtocolWithMina,309.201153371,5.585790986
apache_incubator-dubbo,737f7a7ea67832d7f17517326fb2491d0a086dd7,dubbo-rpc/dubbo-rpc-dubbo,brittle,org.apache.dubbo.rpc.protocol.dubbo.DubboProtocolTest.testDubboProtocolWithMina,231.356600130,4.283219079
apache_incubator-dubbo,737f7a7ea67832d7f17517326fb2491d0a086dd7,dubbo-rpc/dubbo-rpc-dubbo,brittle,org.apache.dubbo.rpc.protocol.dubbo.DubboProtocolTest.testDubboProtocolWithMina,322.240598908,5.601797823
apache_incubator-dubbo,737f7a7ea67832d7f17517326fb2491d0a086dd7,dubbo-rpc/dubbo-rpc-dubbo,brittle,org.apache.dubbo.rpc.protocol.dubbo.DubboProtocolTest.testDubboProtocolWithMina,373.632906128,5.816678986
wildfly_wildfly,b19048b72669fc0e96665b1b125dc1fda21f5993,naming,brittle,org.jboss.as.naming.WritableServiceBasedNamingStoreTestCase.testPermissions,19.433566468,7.087210901
wildfly_wildfly,b19048b72669fc0e96665b1b125dc1fda21f5993,naming,brittle,org.jboss.as.naming.WritableServiceBasedNamingStoreTestCase.testPermissions,21.404398961,7.098621647
wildfly_wildfly,b19048b72669fc0e96665b1b125dc1fda21f5993,naming,brittle,org.jboss.as.naming.WritableServiceBasedNamingStoreTestCase.testPermissions,23.927531611,8.098636199
wildfly_wildfly,b19048b72669fc0e96665b1b125dc1fda21f5993,naming,brittle,org.jboss.as.naming.WritableServiceBasedNamingStoreTestCase.testPermissions,19.790833507,7.374793928
wildfly_wildfly,b19048b72669fc0e96665b1b125dc1fda21f5993,naming,brittle,org.jboss.as.naming.WritableServiceBasedNamingStoreTestCase.testPermissions,17.402899594,5.577000002
wildfly_wildfly,b19048b72669fc0e96665b1b125dc1fda21f5993,naming,brittle,org.jboss.as.naming.WritableServiceBasedNamingStoreTestCase.testPermissions,18.573301201,5.769403698
wildfly_wildfly,b19048b72669fc0e96665b1b125dc1fda21f5993,naming,brittle,org.jboss.as.naming.WritableServiceBasedNamingStoreTestCase.testPermissions,16.733465555,5.993094636
wildfly_wildfly,b19048b72669fc0e96665b1b125dc1fda21f5993,naming,brittle,org.jboss.as.naming.WritableServiceBasedNamingStoreTestCase.testPermissions,15.918499512,4.357311676
wildfly_wildfly,b19048b72669fc0e96665b1b125dc1fda21f5993,naming,brittle,org.jboss.as.naming.WritableServiceBasedNamingStoreTestCase.testPermissions,15.957466187,5.555855697
wildfly_wildfly,b19048b72669fc0e96665b1b125dc1fda21f5993,naming,brittle,org.jboss.as.naming.WritableServiceBasedNamingStoreTestCase.testPermissions,18.836966236,7.191921750
spring-projects_spring-boot,daa3d457b71896a758995c264977bdd1414ee4d4,spring-boot-project/spring-boot-test-autoconfigure,brittle,org.springframework.boot.test.autoconfigure.web.servlet.mockmvc.WebMvcTestWebDriverIntegrationTests.shouldBeADifferentWebClient,417.639233169,8.547672569
spring-projects_spring-boot,daa3d457b71896a758995c264977bdd1414ee4d4,spring-boot-project/spring-boot-test-autoconfigure,brittle,org.springframework.boot.test.autoconfigure.web.servlet.mockmvc.WebMvcTestWebDriverIntegrationTests.shouldBeADifferentWebClient,478.454798806,10.223116228
spring-projects_spring-boot,daa3d457b71896a758995c264977bdd1414ee4d4,spring-boot-project/spring-boot-test-autoconfigure,brittle,org.springframework.boot.test.autoconfigure.web.servlet.mockmvc.WebMvcTestWebDriverIntegrationTests.shouldBeADifferentWebClient,477.771500662,11.139703747
spring-projects_spring-boot,daa3d457b71896a758995c264977bdd1414ee4d4,spring-boot-project/spring-boot-test-autoconfigure,brittle,org.springframework.boot.test.autoconfigure.web.servlet.mockmvc.WebMvcTestWebDriverIntegrationTests.shouldBeADifferentWebClient,537.453466929,12.297296537
spring-projects_spring-boot,daa3d457b71896a758995c264977bdd1414ee4d4,spring-boot-project/spring-boot-test-autoconfigure,brittle,org.springframework.boot.test.autoconfigure.web.servlet.mockmvc.WebMvcTestWebDriverIntegrationTests.shouldBeADifferentWebClient,536.847632481,12.990829498
spring-projects_spring-boot,daa3d457b71896a758995c264977bdd1414ee4d4,spring-boot-project/spring-boot-test-autoconfigure,brittle,org.springframework.boot.test.autoconfigure.web.servlet.mockmvc.WebMvcTestWebDriverIntegrationTests.shouldBeADifferentWebClient,536.787065491,13.022066883
spring-projects_spring-boot,daa3d457b71896a758995c264977bdd1414ee4d4,spring-boot-project/spring-boot-test-autoconfigure,brittle,org.springframework.boot.test.autoconfigure.web.servlet.mockmvc.WebMvcTestWebDriverIntegrationTests.shouldBeADifferentWebClient,480.052300089,11.774653282
spring-projects_spring-boot,daa3d457b71896a758995c264977bdd1414ee4d4,spring-boot-project/spring-boot-test-autoconfigure,brittle,org.springframework.boot.test.autoconfigure.web.servlet.mockmvc.WebMvcTestWebDriverIntegrationTests.shouldBeADifferentWebClient,477.749732271,11.687970768
spring-projects_spring-boot,daa3d457b71896a758995c264977bdd1414ee4d4,spring-boot-project/spring-boot-test-autoconfigure,brittle,org.springframework.boot.test.autoconfigure.web.servlet.mockmvc.WebMvcTestWebDriverIntegrationTests.shouldBeADifferentWebClient,477.555064068,11.017009843
spring-projects_spring-boot,daa3d457b71896a758995c264977bdd1414ee4d4,spring-boot-project/spring-boot-test-autoconfigure,brittle,org.springframework.boot.test.autoconfigure.web.servlet.mockmvc.WebMvcTestWebDriverIntegrationTests.shouldBeADifferentWebClient,480.354534022,12.449741671
spring-projects_spring-boot,daa3d457b71896a758995c264977bdd1414ee4d4,spring-boot-project/spring-boot-test,brittle,org.springframework.boot.test.mock.mockito.ResetMocksTestExecutionListenerTests.test002,130.037466879,23.093017338
spring-projects_spring-boot,daa3d457b71896a758995c264977bdd1414ee4d4,spring-boot-project/spring-boot-test,brittle,org.springframework.boot.test.mock.mockito.ResetMocksTestExecutionListenerTests.test002,129.638333386,20.744650323
spring-projects_spring-boot,daa3d457b71896a758995c264977bdd1414ee4d4,spring-boot-project/spring-boot-test,brittle,org.springframework.boot.test.mock.mockito.ResetMocksTestExecutionListenerTests.test002,130.647333027,22.763238874
spring-projects_spring-boot,daa3d457b71896a758995c264977bdd1414ee4d4,spring-boot-project/spring-boot-test,brittle,org.springframework.boot.test.mock.mockito.ResetMocksTestExecutionListenerTests.test002,104.426166212,11.855393031
spring-projects_spring-boot,daa3d457b71896a758995c264977bdd1414ee4d4,spring-boot-project/spring-boot-test,brittle,org.springframework.boot.test.mock.mockito.ResetMocksTestExecutionListenerTests.test002,129.347099585,18.259577957
spring-projects_spring-boot,daa3d457b71896a758995c264977bdd1414ee4d4,spring-boot-project/spring-boot-test,brittle,org.springframework.boot.test.mock.mockito.ResetMocksTestExecutionListenerTests.test002,116.378332874,15.699625499
spring-projects_spring-boot,daa3d457b71896a758995c264977bdd1414ee4d4,spring-boot-project/spring-boot-test,brittle,org.springframework.boot.test.mock.mockito.ResetMocksTestExecutionListenerTests.test002,129.941799567,22.732487211
spring-projects_spring-boot,daa3d457b71896a758995c264977bdd1414ee4d4,spring-boot-project/spring-boot-test,brittle,org.springframework.boot.test.mock.mockito.ResetMocksTestExecutionListenerTests.test002,130.556866941,25.634894891
spring-projects_spring-boot,daa3d457b71896a758995c264977bdd1414ee4d4,spring-boot-project/spring-boot-test,brittle,org.springframework.boot.test.mock.mockito.ResetMocksTestExecutionListenerTests.test002,130.724266230,17.685487424
spring-projects_spring-boot,daa3d457b71896a758995c264977bdd1414ee4d4,spring-boot-project/spring-boot-test,brittle,org.springframework.boot.test.mock.mockito.ResetMocksTestExecutionListenerTests.test002,103.726999714,10.234767761
hexagonframework_spring-data-ebean,dd11b97654982403b50dd1d5369cadad71fce410,.,brittle,org.springframework.data.ebean.querychannel.EbeanQueryChannelServiceIntegrationTest.applyQueryObject,26.318865880,7.855061502
hexagonframework_spring-data-ebean,dd11b97654982403b50dd1d5369cadad71fce410,.,brittle,org.springframework.data.ebean.querychannel.EbeanQueryChannelServiceIntegrationTest.applyQueryObject,29.032866140,6.365629838
hexagonframework_spring-data-ebean,dd11b97654982403b50dd1d5369cadad71fce410,.,brittle,org.springframework.data.ebean.querychannel.EbeanQueryChannelServiceIntegrationTest.applyQueryObject,28.872166090,6.193950725
hexagonframework_spring-data-ebean,dd11b97654982403b50dd1d5369cadad71fce410,.,brittle,org.springframework.data.ebean.querychannel.EbeanQueryChannelServiceIntegrationTest.applyQueryObject,22.552499560,6.136679089
hexagonframework_spring-data-ebean,dd11b97654982403b50dd1d5369cadad71fce410,.,brittle,org.springframework.data.ebean.querychannel.EbeanQueryChannelServiceIntegrationTest.applyQueryObject,29.197999310,7.945792700
hexagonframework_spring-data-ebean,dd11b97654982403b50dd1d5369cadad71fce410,.,brittle,org.springframework.data.ebean.querychannel.EbeanQueryChannelServiceIntegrationTest.applyQueryObject,25.834366170,6.502111175
hexagonframework_spring-data-ebean,dd11b97654982403b50dd1d5369cadad71fce410,.,brittle,org.springframework.data.ebean.querychannel.EbeanQueryChannelServiceIntegrationTest.applyQueryObject,25.915365980,6.329540680
hexagonframework_spring-data-ebean,dd11b97654982403b50dd1d5369cadad71fce410,.,brittle,org.springframework.data.ebean.querychannel.EbeanQueryChannelServiceIntegrationTest.applyQueryObject,12.755199750,2.190206334
hexagonframework_spring-data-ebean,dd11b97654982403b50dd1d5369cadad71fce410,.,brittle,org.springframework.data.ebean.querychannel.EbeanQueryChannelServiceIntegrationTest.applyQueryObject,19.190532940,4.393015809
hexagonframework_spring-data-ebean,dd11b97654982403b50dd1d5369cadad71fce410,.,brittle,org.springframework.data.ebean.querychannel.EbeanQueryChannelServiceIntegrationTest.applyQueryObject,28.939266080,6.513638548
hexagonframework_spring-data-ebean,dd11b97654982403b50dd1d5369cadad71fce410,.,brittle,org.springframework.data.ebean.querychannel.EbeanQueryChannelServiceIntegrationTest.createDtoQuery,25.916832750,6.731630890
hexagonframework_spring-data-ebean,dd11b97654982403b50dd1d5369cadad71fce410,.,brittle,org.springframework.data.ebean.querychannel.EbeanQueryChannelServiceIntegrationTest.createDtoQuery,29.025866110,6.228187327
hexagonframework_spring-data-ebean,dd11b97654982403b50dd1d5369cadad71fce410,.,brittle,org.springframework.data.ebean.querychannel.EbeanQueryChannelServiceIntegrationTest.createDtoQuery,29.162332680,6.640727535
hexagonframework_spring-data-ebean,dd11b97654982403b50dd1d5369cadad71fce410,.,brittle,org.springframework.data.ebean.querychannel.EbeanQueryChannelServiceIntegrationTest.createDtoQuery,25.696499490,6.069649619
hexagonframework_spring-data-ebean,dd11b97654982403b50dd1d5369cadad71fce410,.,brittle,org.springframework.data.ebean.querychannel.EbeanQueryChannelServiceIntegrationTest.createDtoQuery,28.987932770,6.379961201
hexagonframework_spring-data-ebean,dd11b97654982403b50dd1d5369cadad71fce410,.,brittle,org.springframework.data.ebean.querychannel.EbeanQueryChannelServiceIntegrationTest.createDtoQuery,29.061899350,7.371080150
hexagonframework_spring-data-ebean,dd11b97654982403b50dd1d5369cadad71fce410,.,brittle,org.springframework.data.ebean.querychannel.EbeanQueryChannelServiceIntegrationTest.createDtoQuery,25.703532760,5.874385726
hexagonframework_spring-data-ebean,dd11b97654982403b50dd1d5369cadad71fce410,.,brittle,org.springframework.data.ebean.querychannel.EbeanQueryChannelServiceIntegrationTest.createDtoQuery,39.098232580,8.978321222
hexagonframework_spring-data-ebean,dd11b97654982403b50dd1d5369cadad71fce410,.,brittle,org.springframework.data.ebean.querychannel.EbeanQueryChannelServiceIntegrationTest.createDtoQuery,25.800166100,6.373325441
hexagonframework_spring-data-ebean,dd11b97654982403b50dd1d5369cadad71fce410,.,brittle,org.springframework.data.ebean.querychannel.EbeanQueryChannelServiceIntegrationTest.createDtoQuery,32.327732540,7.894867300
hexagonframework_spring-data-ebean,dd11b97654982403b50dd1d5369cadad71fce410,.,brittle,org.springframework.data.ebean.querychannel.EbeanQueryChannelServiceIntegrationTest.createNamedDtoQuery,15.924999650,3.214814905
hexagonframework_spring-data-ebean,dd11b97654982403b50dd1d5369cadad71fce410,.,brittle,org.springframework.data.ebean.querychannel.EbeanQueryChannelServiceIntegrationTest.createNamedDtoQuery,32.334799230,7.070248369
hexagonframework_spring-data-ebean,dd11b97654982403b50dd1d5369cadad71fce410,.,brittle,org.springframework.data.ebean.querychannel.EbeanQueryChannelServiceIntegrationTest.createNamedDtoQuery,19.250966260,4.814174082
hexagonframework_spring-data-ebean,dd11b97654982403b50dd1d5369cadad71fce410,.,brittle,org.springframework.data.ebean.querychannel.EbeanQueryChannelServiceIntegrationTest.createNamedDtoQuery,25.817432760,7.414319104
hexagonframework_spring-data-ebean,dd11b97654982403b50dd1d5369cadad71fce410,.,brittle,org.springframework.data.ebean.querychannel.EbeanQueryChannelServiceIntegrationTest.createNamedDtoQuery,35.401166000,6.212345161
hexagonframework_spring-data-ebean,dd11b97654982403b50dd1d5369cadad71fce410,.,brittle,org.springframework.data.ebean.querychannel.EbeanQueryChannelServiceIntegrationTest.createNamedDtoQuery,25.603666190,5.566474785
hexagonframework_spring-data-ebean,dd11b97654982403b50dd1d5369cadad71fce410,.,brittle,org.springframework.data.ebean.querychannel.EbeanQueryChannelServiceIntegrationTest.createNamedDtoQuery,29.196032820,6.656294279
hexagonframework_spring-data-ebean,dd11b97654982403b50dd1d5369cadad71fce410,.,brittle,org.springframework.data.ebean.querychannel.EbeanQueryChannelServiceIntegrationTest.createNamedDtoQuery,29.132832610,6.255958951
hexagonframework_spring-data-ebean,dd11b97654982403b50dd1d5369cadad71fce410,.,brittle,org.springframework.data.ebean.querychannel.EbeanQueryChannelServiceIntegrationTest.createNamedDtoQuery,25.886399360,6.701269367
hexagonframework_spring-data-ebean,dd11b97654982403b50dd1d5369cadad71fce410,.,brittle,org.springframework.data.ebean.querychannel.EbeanQueryChannelServiceIntegrationTest.createNamedDtoQuery,25.776666160,4.634468113
hexagonframework_spring-data-ebean,dd11b97654982403b50dd1d5369cadad71fce410,.,brittle,org.springframework.data.ebean.querychannel.EbeanQueryChannelServiceIntegrationTest.createNamedQueryWhere,22.453532930,4.546556230
hexagonframework_spring-data-ebean,dd11b97654982403b50dd1d5369cadad71fce410,.,brittle,org.springframework.data.ebean.querychannel.EbeanQueryChannelServiceIntegrationTest.createNamedQueryWhere,25.688299430,6.013927636
hexagonframework_spring-data-ebean,dd11b97654982403b50dd1d5369cadad71fce410,.,brittle,org.springframework.data.ebean.querychannel.EbeanQueryChannelServiceIntegrationTest.createNamedQueryWhere,28.865499410,5.948510534
hexagonframework_spring-data-ebean,dd11b97654982403b50dd1d5369cadad71fce410,.,brittle,org.springframework.data.ebean.querychannel.EbeanQueryChannelServiceIntegrationTest.createNamedQueryWhere,22.515499530,5.998007194
hexagonframework_spring-data-ebean,dd11b97654982403b50dd1d5369cadad71fce410,.,brittle,org.springframework.data.ebean.querychannel.EbeanQueryChannelServiceIntegrationTest.createNamedQueryWhere,35.737432750,7.286663776
hexagonframework_spring-data-ebean,dd11b97654982403b50dd1d5369cadad71fce410,.,brittle,org.springframework.data.ebean.querychannel.EbeanQueryChannelServiceIntegrationTest.createNamedQueryWhere,25.713765990,6.062561022
hexagonframework_spring-data-ebean,dd11b97654982403b50dd1d5369cadad71fce410,.,brittle,org.springframework.data.ebean.querychannel.EbeanQueryChannelServiceIntegrationTest.createNamedQueryWhere,29.007032670,7.668010127
hexagonframework_spring-data-ebean,dd11b97654982403b50dd1d5369cadad71fce410,.,brittle,org.springframework.data.ebean.querychannel.EbeanQueryChannelServiceIntegrationTest.createNamedQueryWhere,32.244566000,7.656920972
hexagonframework_spring-data-ebean,dd11b97654982403b50dd1d5369cadad71fce410,.,brittle,org.springframework.data.ebean.querychannel.EbeanQueryChannelServiceIntegrationTest.createNamedQueryWhere,25.733732680,6.298220247
hexagonframework_spring-data-ebean,dd11b97654982403b50dd1d5369cadad71fce410,.,brittle,org.springframework.data.ebean.querychannel.EbeanQueryChannelServiceIntegrationTest.createNamedQueryWhere,32.433665870,7.131960595
wikidata_wikidata-toolkit,20de6f7f12319f54eb962ff6e8357b3f5695d54d,wdtk-dumpfiles,brittle,org.wikidata.wdtk.dumpfiles.MwDumpFileProcessingTest.testMwDailyDumpFileProcessing,7.414031202,3.226710422
wikidata_wikidata-toolkit,20de6f7f12319f54eb962ff6e8357b3f5695d54d,wdtk-dumpfiles,brittle,org.wikidata.wdtk.dumpfiles.MwDumpFileProcessingTest.testMwDailyDumpFileProcessing,10.578230477,5.760892348
wikidata_wikidata-toolkit,20de6f7f12319f54eb962ff6e8357b3f5695d54d,wdtk-dumpfiles,brittle,org.wikidata.wdtk.dumpfiles.MwDumpFileProcessingTest.testMwDailyDumpFileProcessing,13.790131335,3.270192970
wikidata_wikidata-toolkit,20de6f7f12319f54eb962ff6e8357b3f5695d54d,wdtk-dumpfiles,brittle,org.wikidata.wdtk.dumpfiles.MwDumpFileProcessingTest.testMwDailyDumpFileProcessing,17.291397600,4.281760310
wikidata_wikidata-toolkit,20de6f7f12319f54eb962ff6e8357b3f5695d54d,wdtk-dumpfiles,brittle,org.wikidata.wdtk.dumpfiles.MwDumpFileProcessingTest.testMwDailyDumpFileProcessing,10.418997032,5.442451569
wikidata_wikidata-toolkit,20de6f7f12319f54eb962ff6e8357b3f5695d54d,wdtk-dumpfiles,brittle,org.wikidata.wdtk.dumpfiles.MwDumpFileProcessingTest.testMwDailyDumpFileProcessing,18.941063889,5.782268939
wikidata_wikidata-toolkit,20de6f7f12319f54eb962ff6e8357b3f5695d54d,wdtk-dumpfiles,brittle,org.wikidata.wdtk.dumpfiles.MwDumpFileProcessingTest.testMwDailyDumpFileProcessing,12.043963280,6.812268180
wikidata_wikidata-toolkit,20de6f7f12319f54eb962ff6e8357b3f5695d54d,wdtk-dumpfiles,brittle,org.wikidata.wdtk.dumpfiles.MwDumpFileProcessingTest.testMwDailyDumpFileProcessing,11.936430061,6.919627628
wikidata_wikidata-toolkit,20de6f7f12319f54eb962ff6e8357b3f5695d54d,wdtk-dumpfiles,brittle,org.wikidata.wdtk.dumpfiles.MwDumpFileProcessingTest.testMwDailyDumpFileProcessing,14.735530326,5.854939168
wikidata_wikidata-toolkit,20de6f7f12319f54eb962ff6e8357b3f5695d54d,wdtk-dumpfiles,brittle,org.wikidata.wdtk.dumpfiles.MwDumpFileProcessingTest.testMwDailyDumpFileProcessing,14.068496669,6.904633982
wikidata_wikidata-toolkit,20de6f7f12319f54eb962ff6e8357b3f5695d54d,wdtk-dumpfiles,brittle,org.wikidata.wdtk.dumpfiles.MwDumpFileProcessingTest.testMwMostRecentFullDumpFileProcessing,9.588266127,5.710321591
wikidata_wikidata-toolkit,20de6f7f12319f54eb962ff6e8357b3f5695d54d,wdtk-dumpfiles,brittle,org.wikidata.wdtk.dumpfiles.MwDumpFileProcessingTest.testMwMostRecentFullDumpFileProcessing,20.874199476,5.533063659
wikidata_wikidata-toolkit,20de6f7f12319f54eb962ff6e8357b3f5695d54d,wdtk-dumpfiles,brittle,org.wikidata.wdtk.dumpfiles.MwDumpFileProcessingTest.testMwMostRecentFullDumpFileProcessing,7.042432950,4.322763428
wikidata_wikidata-toolkit,20de6f7f12319f54eb962ff6e8357b3f5695d54d,wdtk-dumpfiles,brittle,org.wikidata.wdtk.dumpfiles.MwDumpFileProcessingTest.testMwMostRecentFullDumpFileProcessing,4.017566457,2.161891488
wikidata_wikidata-toolkit,20de6f7f12319f54eb962ff6e8357b3f5695d54d,wdtk-dumpfiles,brittle,org.wikidata.wdtk.dumpfiles.MwDumpFileProcessingTest.testMwMostRecentFullDumpFileProcessing,9.565566175,5.538338894
wikidata_wikidata-toolkit,20de6f7f12319f54eb962ff6e8357b3f5695d54d,wdtk-dumpfiles,brittle,org.wikidata.wdtk.dumpfiles.MwDumpFileProcessingTest.testMwMostRecentFullDumpFileProcessing,8.668032586,5.803559415
wikidata_wikidata-toolkit,20de6f7f12319f54eb962ff6e8357b3f5695d54d,wdtk-dumpfiles,brittle,org.wikidata.wdtk.dumpfiles.MwDumpFileProcessingTest.testMwMostRecentFullDumpFileProcessing,13.812399725,3.211237292
wikidata_wikidata-toolkit,20de6f7f12319f54eb962ff6e8357b3f5695d54d,wdtk-dumpfiles,brittle,org.wikidata.wdtk.dumpfiles.MwDumpFileProcessingTest.testMwMostRecentFullDumpFileProcessing,4.012433124,2.150220976
wikidata_wikidata-toolkit,20de6f7f12319f54eb962ff6e8357b3f5695d54d,wdtk-dumpfiles,brittle,org.wikidata.wdtk.dumpfiles.MwDumpFileProcessingTest.testMwMostRecentFullDumpFileProcessing,9.522166207,5.446763512
wikidata_wikidata-toolkit,20de6f7f12319f54eb962ff6e8357b3f5695d54d,wdtk-dumpfiles,brittle,org.wikidata.wdtk.dumpfiles.MwDumpFileProcessingTest.testMwMostRecentFullDumpFileProcessing,9.962966012,6.890078752
wikidata_wikidata-toolkit,20de6f7f12319f54eb962ff6e8357b3f5695d54d,wdtk-dumpfiles,brittle,org.wikidata.wdtk.dumpfiles.MwDumpFileProcessingTest.testMwRecentCurrentDumpFileProcessing,4.150966467,2.139099317
wikidata_wikidata-toolkit,20de6f7f12319f54eb962ff6e8357b3f5695d54d,wdtk-dumpfiles,brittle,org.wikidata.wdtk.dumpfiles.MwDumpFileProcessingTest.testMwRecentCurrentDumpFileProcessing,6.784766326,3.234450731
wikidata_wikidata-toolkit,20de6f7f12319f54eb962ff6e8357b3f5695d54d,wdtk-dumpfiles,brittle,org.wikidata.wdtk.dumpfiles.MwDumpFileProcessingTest.testMwRecentCurrentDumpFileProcessing,10.813199236,5.422219841
wikidata_wikidata-toolkit,20de6f7f12319f54eb962ff6e8357b3f5695d54d,wdtk-dumpfiles,brittle,org.wikidata.wdtk.dumpfiles.MwDumpFileProcessingTest.testMwRecentCurrentDumpFileProcessing,10.443365909,4.480010064
wikidata_wikidata-toolkit,20de6f7f12319f54eb962ff6e8357b3f5695d54d,wdtk-dumpfiles,brittle,org.wikidata.wdtk.dumpfiles.MwDumpFileProcessingTest.testMwRecentCurrentDumpFileProcessing,4.063566470,2.144333485
wikidata_wikidata-toolkit,20de6f7f12319f54eb962ff6e8357b3f5695d54d,wdtk-dumpfiles,brittle,org.wikidata.wdtk.dumpfiles.MwDumpFileProcessingTest.testMwRecentCurrentDumpFileProcessing,4.071299800,2.148557259
wikidata_wikidata-toolkit,20de6f7f12319f54eb962ff6e8357b3f5695d54d,wdtk-dumpfiles,brittle,org.wikidata.wdtk.dumpfiles.MwDumpFileProcessingTest.testMwRecentCurrentDumpFileProcessing,9.636366252,5.427334617
wikidata_wikidata-toolkit,20de6f7f12319f54eb962ff6e8357b3f5695d54d,wdtk-dumpfiles,brittle,org.wikidata.wdtk.dumpfiles.MwDumpFileProcessingTest.testMwRecentCurrentDumpFileProcessing,8.590766297,5.555086968
wikidata_wikidata-toolkit,20de6f7f12319f54eb962ff6e8357b3f5695d54d,wdtk-dumpfiles,brittle,org.wikidata.wdtk.dumpfiles.MwDumpFileProcessingTest.testMwRecentCurrentDumpFileProcessing,8.903665815,5.882027629
wikidata_wikidata-toolkit,20de6f7f12319f54eb962ff6e8357b3f5695d54d,wdtk-dumpfiles,brittle,org.wikidata.wdtk.dumpfiles.MwDumpFileProcessingTest.testMwRecentCurrentDumpFileProcessing,6.762666337,4.267870404
